DATE,CODE,NAME,12m Low,12m High,Day Low,Day High,Day Price,Previous,Change,Change%,Volume,Adjust,Date,Adjusted
1/4/2010,TOTL,Total Kenya,12.65,18,28.5,30,29.25,29.75,-0.5,1.71%,"8,200",-,,
1/5/2010,TOTL,Total Kenya,12.65,18,28.5,30,28.5,29.25,-0.75,2.63%,"1,100",-,,
1/6/2010,TOTL,Total Kenya,12.65,18,29,30,29,28.5,0.5,1.72%,"25,900",-,,
1/7/2010,TOTL,Total Kenya,12.65,18,30,30,30,29,1,3.33%,500,-,,
1/8/2010,TOTL,Total Kenya,12.65,18,30,30,30,30,-,-,"2,600",-,,
1/11/2010,TOTL,Total Kenya,12.65,18,30,30.25,30,30,-,-,"4,200",-,,
1/12/2010,TOTL,Total Kenya,12.65,18,29,30,29.5,30,-0.5,1.69%,"7,000",-,,
1/13/2010,TOTL,Total Kenya,12.65,18,29.75,30,29.75,29.5,0.25,0.84%,"7,300",-,,
1/14/2010,TOTL,Total Kenya,12.65,18,28.5,30,29,29.75,-0.75,2.59%,"39,500",-,,
1/15/2010,TOTL,Total Kenya,12.65,18,29.25,30,29.25,29,0.25,0.85%,"41,100",-,,
1/18/2010,TOTL,Total Kenya,12.65,18,29.25,30,29.75,29.25,0.5,1.68%,"37,300",-,,
1/19/2010,TOTL,Total Kenya,12.65,18,30.25,31.5,30.75,29.75,1,3.25%,"3,000",-,,
1/20/2010,TOTL,Total Kenya,12.65,18,30.25,32,30.75,30.75,-,-,"6,100",-,,
1/21/2010,TOTL,Total Kenya,12.65,18,30,30.75,30,30.75,-0.75,2.50%,"5,200",-,,
1/22/2010,TOTL,Total Kenya,12.65,18,30,30.75,30.5,30,0.5,1.64%,"3,900",-,,
1/25/2010,TOTL,Total Kenya,12.65,18,30,30.25,30,30.5,-0.5,1.67%,"1,700",-,,
1/26/2010,TOTL,Total Kenya,12.65,18,29.25,30.25,29.25,30,-0.75,2.56%,"75,600",-,,
1/27/2010,TOTL,Total Kenya,12.65,18,29.25,29.5,29.25,29.25,-,-,"26,500",-,,
1/28/2010,TOTL,Total Kenya,12.65,18,29.25,30.25,29.75,29.25,0.5,1.68%,"3,100",-,,
1/29/2010,TOTL,Total Kenya,12.65,18,29.5,30,29.75,29.75,-,-,"4,200",-,,
2/1/2010,TOTL,Total Kenya,12.65,18,29.75,30,29.75,29.75,-,-,600,-,,
2/2/2010,TOTL,Total Kenya,12.65,18,30.25,30.25,30.25,29.75,0.5,1.65%,"8,100",-,,
2/3/2010,TOTL,Total Kenya,12.65,18,30,33,31.5,30.25,1.25,3.97%,"37,000",-,,
2/4/2010,TOTL,Total Kenya,12.65,18,30,31.5,31,31.5,-0.5,1.61%,"12,900",-,,
2/5/2010,TOTL,Total Kenya,12.65,18,30,32,30,31,-1,3.33%,"25,100",-,,
2/8/2010,TOTL,Total Kenya,12.65,18,30,32,30.25,30,0.25,0.83%,"24,100",-,,
2/9/2010,TOTL,Total Kenya,12.65,18,30.5,31,30.75,30.25,0.5,1.63%,"3,100",-,,
2/10/2010,TOTL,Total Kenya,12.65,18,30,30.75,30,30.75,-0.75,2.50%,"36,800",-,,
2/11/2010,TOTL,Total Kenya,12.65,18,30.25,30.5,30.25,30,0.25,0.83%,"3,400",-,,
2/12/2010,TOTL,Total Kenya,12.65,18,30.5,31,30.5,30.25,0.25,0.82%,"7,100",-,,
2/15/2010,TOTL,Total Kenya,12.65,18,31,31,31,30.5,0.5,1.61%,700,-,,
2/16/2010,TOTL,Total Kenya,12.65,18,30,31,30.25,31,-0.75,2.48%,"3,800",-,,
2/17/2010,TOTL,Total Kenya,12.65,18,30,31,30.5,30.25,0.25,0.82%,"34,600",-,,
2/18/2010,TOTL,Total Kenya,12.65,18,30,31,30.25,30.5,-0.25,0.83%,"57,000",-,,
2/19/2010,TOTL,Total Kenya,12.65,18,30.25,31,30.25,30.25,-,-,"7,600",-,,
2/22/2010,TOTL,Total Kenya,12.65,18,30,31,30.25,30.25,-,-,"1,100",-,,
2/23/2010,TOTL,Total Kenya,12.65,18,31,31.75,31.25,30.25,1,3.20%,"36,600",-,,
2/24/2010,TOTL,Total Kenya,12.65,18,31,32.5,31,31.25,-0.25,0.81%,"10,500",-,,
2/25/2010,TOTL,Total Kenya,12.65,18,31,31,31,31,-,-,"9,500",-,,
2/26/2010,TOTL,Total Kenya,12.65,18,31,31.25,31,31,-,-,"1,800",-,,
3/1/2010,TOTL,Total Kenya,12.65,18,31.25,31.5,31.25,31,0.25,0.80%,"56,600",-,,
3/2/2010,TOTL,Total Kenya,12.65,18,31.5,31.75,31.5,31.25,0.25,0.79%,"6,600",-,,
3/3/2010,TOTL,Total Kenya,12.65,18,31.5,32,31.75,31.5,0.25,0.79%,"13,200",-,,
3/4/2010,TOTL,Total Kenya,12.65,18,31.5,32,31.5,31.75,-0.25,0.79%,"13,300",-,,
3/5/2010,TOTL,Total Kenya,12.65,18,29,30.25,29.75,31.5,-1.75,5.88%,"20,400",-,,
3/8/2010,TOTL,Total Kenya,12.65,18,28.75,30,29.75,29.75,-,-,"31,000",-,,
3/9/2010,TOTL,Total Kenya,12.65,18,29,30,29.5,29.75,-0.25,0.85%,"78,900",-,,
3/10/2010,TOTL,Total Kenya,12.65,18,29,30,29.5,29.5,-,-,"26,800",-,,
3/11/2010,TOTL,Total Kenya,12.65,18,28.75,29,28.75,29.5,-0.75,2.61%,"34,500",-,,
3/12/2010,TOTL,Total Kenya,12.65,18,29,30.5,29.75,28.75,1,3.36%,"67,000",-,,
3/15/2010,TOTL,Total Kenya,12.65,18,29,30.5,29.75,29.75,-,-,"53,300",-,,
3/16/2010,TOTL,Total Kenya,12.65,18,30,32.5,30.75,29.75,1,3.25%,"117,200",-,,
3/17/2010,TOTL,Total Kenya,12.65,18,30,32,30.5,30.75,-0.25,0.82%,"1,000",-,,
3/18/2010,TOTL,Total Kenya,12.65,18,30,30.5,30.25,30.5,-0.25,0.83%,"43,700",-,,
3/19/2010,TOTL,Total Kenya,12.65,18,30,30.25,30,30.25,-0.25,0.83%,"12,000",-,,
3/22/2010,TOTL,Total Kenya,12.65,18,30,31,30,30,-,-,"57,300",-,,
3/23/2010,TOTL,Total Kenya,12.65,18,30,30.75,30.25,30,0.25,0.83%,"55,000",-,,
3/24/2010,TOTL,Total Kenya,12.65,18,30.25,30.5,30.25,30.25,-,-,"1,700",-,,
3/25/2010,TOTL,Total Kenya,12.65,18,30.25,30.5,30.25,30.25,-,-,"3,300",-,,
3/26/2010,TOTL,Total Kenya,12.65,18,30.25,30.75,30.25,30.25,-,-,"32,400",-,,
3/29/2010,TOTL,Total Kenya,12.65,18,30,30.25,30,30.25,-0.25,0.83%,"8,600",-,,
3/30/2010,TOTL,Total Kenya,12.65,18,30,30.25,30,30,-,-,"2,500",-,,
3/31/2010,TOTL,Total Kenya,12.65,18,30,30.5,30.25,30,0.25,0.83%,"3,800",-,,
4/1/2010,TOTL,Total Kenya,12.65,18,30.25,30.5,30.25,30.25,-,-,"1,000",-,,
4/6/2010,TOTL,Total Kenya,12.65,18,30,30.25,30,30.25,-0.25,0.83%,900,-,,
4/7/2010,TOTL,Total Kenya,12.65,18,29,30.25,29.5,30,-0.5,1.69%,"4,700",-,,
4/8/2010,TOTL,Total Kenya,12.65,18,29.5,30,29.75,29.5,0.25,0.84%,"5,700",-,,
4/9/2010,TOTL,Total Kenya,12.65,18,30,30.25,30,29.75,0.25,0.83%,"14,000",-,,
4/12/2010,TOTL,Total Kenya,12.65,18,30,30.5,30,30,-,-,"3,300",-,,
4/13/2010,TOTL,Total Kenya,12.65,18,30,30.5,30,30,-,-,"4,100",-,,
4/14/2010,TOTL,Total Kenya,12.65,18,30.25,30.5,30.25,30,0.25,0.83%,900,-,,
4/15/2010,TOTL,Total Kenya,12.65,18,30,30.75,30.25,30.25,-,-,"1,900",-,,
4/16/2010,TOTL,Total Kenya,12.65,18,30,30.5,30,30.25,-0.25,0.83%,"6,500",-,,
4/19/2010,TOTL,Total Kenya,12.65,18,30,30.5,30,30,-,-,"8,100",-,,
4/20/2010,TOTL,Total Kenya,12.65,18,30,30.5,30.25,30,0.25,0.83%,"8,700",-,,
4/21/2010,TOTL,Total Kenya,12.65,18,30,30.25,30,30.25,-0.25,0.83%,"3,300",-,,
4/22/2010,TOTL,Total Kenya,12.65,18,29.5,30.5,30.25,30,0.25,0.83%,"14,500",-,,
4/23/2010,TOTL,Total Kenya,12.65,18,30.25,30.25,30.25,30.25,-,-,600,-,,
4/26/2010,TOTL,Total Kenya,12.65,18,30.25,30.75,30.25,30.25,-,-,"10,500",-,,
4/27/2010,TOTL,Total Kenya,12.65,18,30.5,31,30.5,30.25,0.25,0.82%,"34,400",-,,
4/28/2010,TOTL,Total Kenya,12.65,18,30.5,30.75,30.5,30.5,-,-,"18,000",-,,
4/29/2010,TOTL,Total Kenya,12.65,18,29.5,31,30,30.5,-0.5,1.67%,"19,800",-,,
4/30/2010,TOTL,Total Kenya,12.65,18,30,30.25,30,30,-,-,"9,600",-,,
5/3/2010,TOTL,Total Kenya,12.65,18,30.25,30.5,30.25,30,0.25,0.83%,"42,100",-,,
5/4/2010,TOTL,Total Kenya,12.65,18,30,30.5,30.25,30.25,-,-,"21,000",-,,
5/5/2010,TOTL,Total Kenya,12.65,18,30.25,31,30.75,30.25,0.5,1.63%,"11,500",-,,
5/6/2010,TOTL,Total Kenya,12.65,18,30.5,31,30.5,30.75,-0.25,0.82%,"34,900",-,,
5/7/2010,TOTL,Total Kenya,12.65,18,29,30.5,29.75,30.5,-0.75,2.52%,"3,200",-,,
5/10/2010,TOTL,Total Kenya,12.65,18,30.5,31,30.75,29.75,1,3.25%,"6,100",-,,
5/11/2010,TOTL,Total Kenya,12.65,18,30.5,31,30.75,30.75,-,-,"36,600",-,,
5/12/2010,TOTL,Total Kenya,12.65,18,30.25,31.75,31.25,30.75,0.5,1.60%,"4,500",-,,
5/13/2010,TOTL,Total Kenya,12.65,18,31,31.5,31.25,31.25,-,-,"16,600",-,,
5/14/2010,TOTL,Total Kenya,12.65,18,31,31.5,31.25,31.25,-,-,"46,200",-,,
5/17/2010,TOTL,Total Kenya,12.65,18,31,31.5,31,31.25,-0.25,0.81%,"22,800",-,,
5/18/2010,TOTL,Total Kenya,12.65,18,30,31,30.75,31,-0.25,0.81%,"40,500",-,,
5/19/2010,TOTL,Total Kenya,12.65,18,31,31.25,31,30.75,0.25,0.81%,"13,100",-,,
5/20/2010,TOTL,Total Kenya,12.65,18,29,31,29.75,31,-1.25,4.20%,"11,700",-,,
5/21/2010,TOTL,Total Kenya,12.65,18,29,30,29.75,29.75,-,-,"7,400",-,,
5/24/2010,TOTL,Total Kenya,12.65,18,28,31.5,28.5,29.75,-1.25,4.39%,"176,600",-,,
5/25/2010,TOTL,Total Kenya,12.65,18,29,30,29,28.5,0.5,1.72%,"122,200",-,,
5/26/2010,TOTL,Total Kenya,12.65,18,29,30.25,29.5,29,0.5,1.69%,"8,400",-,,
5/27/2010,TOTL,Total Kenya,12.65,18,29,30,29.25,29.5,-0.25,0.85%,"38,900",-,,
5/28/2010,TOTL,Total Kenya,12.65,18,28,30,29.25,29.25,-,-,"141,700",-,,
5/31/2010,TOTL,Total Kenya,12.65,18,29.25,30,29.75,29.25,0.5,1.68%,"27,800",-,,
6/2/2010,TOTL,Total Kenya,12.65,18,29.5,30,29.5,29.75,-0.25,0.85%,"5,600",-,,
6/3/2010,TOTL,Total Kenya,12.65,18,29,30,29.25,29.5,-0.25,0.85%,"61,800",-,,
6/4/2010,TOTL,Total Kenya,12.65,18,28.25,28.5,28.25,29.25,-1,3.54%,"8,600",-,,
6/7/2010,TOTL,Total Kenya,12.65,18,28.5,29.5,29.25,28.25,1,3.42%,"2,400",-,,
6/8/2010,TOTL,Total Kenya,12.65,18,28.5,29.75,28.5,29.25,-0.75,2.63%,"11,900",-,,
6/9/2010,TOTL,Total Kenya,12.65,18,29.5,29.75,29.5,28.5,1,3.39%,"6,700",-,,
6/10/2010,TOTL,Total Kenya,12.65,18,29.5,29.5,29.5,29.5,-,-,"6,400",-,,
6/11/2010,TOTL,Total Kenya,12.65,18,28.25,29.5,28.75,29.5,-0.75,2.61%,"10,100",-,,
6/14/2010,TOTL,Total Kenya,12.65,18,29,29.5,29.25,28.75,0.5,1.71%,"10,000",-,,
6/15/2010,TOTL,Total Kenya,12.65,18,29,29.5,29.25,29.25,-,-,"11,800",-,,
6/16/2010,TOTL,Total Kenya,12.65,18,29,29.5,29.25,29.25,-,-,"6,500",-,,
6/17/2010,TOTL,Total Kenya,12.65,18,29,29.5,29,29.25,-0.25,0.86%,"7,900",-,,
6/18/2010,TOTL,Total Kenya,12.65,18,29,29.25,29,29,-,-,"12,100",-,,
6/21/2010,TOTL,Total Kenya,12.65,18,28.75,29.25,28.75,29,-0.25,0.87%,"12,300",-,,
6/22/2010,TOTL,Total Kenya,12.65,18,28,29,28.5,28.75,-0.25,0.88%,"79,100",-,,
6/23/2010,TOTL,Total Kenya,12.65,18,28.25,29,28.25,28.5,-0.25,0.88%,"63,200",-,,
6/24/2010,TOTL,Total Kenya,12.65,18,28.25,28.25,28.25,28.25,-,-,500,-,,
6/25/2010,TOTL,Total Kenya,12.65,18,28.5,29.25,28.75,28.25,0.5,1.74%,"31,000",-,,
6/28/2010,TOTL,Total Kenya,12.65,18,29,29.25,29,28.75,0.25,0.86%,"1,600",-,,
6/29/2010,TOTL,Total Kenya,12.65,18,28.25,28.5,28.25,29,-0.75,2.65%,"4,900",-,,
6/30/2010,TOTL,Total Kenya,12.65,18,28.25,29,28.5,28.25,0.25,0.88%,"6,600",-,,
7/1/2010,TOTL,Total Kenya,12.65,18,29,30,29,28.5,0.5,1.72%,"14,900",-,,
7/2/2010,TOTL,Total Kenya,12.65,18,29,29.25,29,29,-,-,"3,500",-,,
7/5/2010,TOTL,Total Kenya,12.65,18,29,29,29,29,-,-,0,-,,
7/6/2010,TOTL,Total Kenya,12.65,18,29.5,30,29.5,29,0.5,1.69%,"3,600",-,,
7/7/2010,TOTL,Total Kenya,12.65,18,29,29.5,29,29.5,-0.5,1.72%,"22,200",-,,
7/8/2010,TOTL,Total Kenya,12.65,18,29,30,29.25,29,0.25,0.85%,"24,800",-,,
7/9/2010,TOTL,Total Kenya,12.65,18,29,29.25,29,29.25,-0.25,0.86%,"5,600",-,,
7/12/2010,TOTL,Total Kenya,12.65,18,29,29.75,29.25,29,0.25,0.85%,"12,800",-,,
7/13/2010,TOTL,Total Kenya,12.65,18,29.25,29.75,29.25,29.25,-,-,"4,800",-,,
7/14/2010,TOTL,Total Kenya,12.65,18,29.25,29.5,29.25,29.25,-,-,"7,300",-,,
7/15/2010,TOTL,Total Kenya,12.65,18,29.25,29.25,29.25,29.25,-,-,"19,400",-,,
7/16/2010,TOTL,Total Kenya,12.65,18,29.25,29.5,29.25,29.25,-,-,"13,500",-,,
7/19/2010,TOTL,Total Kenya,12.65,18,29.25,29.5,29.25,29.25,-,-,"62,400",-,,
7/20/2010,TOTL,Total Kenya,12.65,18,29.5,29.5,29.5,29.25,0.25,0.85%,"4,800",-,,
7/21/2010,TOTL,Total Kenya,12.65,18,29,29.75,29.25,29.5,-0.25,0.85%,"57,200",-,,
7/22/2010,TOTL,Total Kenya,12.65,18,29.25,29.5,29.25,29.25,-,-,"2,700",-,,
7/23/2010,TOTL,Total Kenya,12.65,18,29.25,29.75,29.5,29.25,0.25,0.85%,"2,900",-,,
7/26/2010,TOTL,Total Kenya,12.65,18,29.5,29.75,29.5,29.5,-,-,"5,300",-,,
7/27/2010,TOTL,Total Kenya,12.65,18,29.25,29.75,29.25,29.5,-0.25,0.85%,"3,200",-,,
7/28/2010,TOTL,Total Kenya,12.65,18,29.25,29.5,29.25,29.25,-,-,"15,300",-,,
7/29/2010,TOTL,Total Kenya,12.65,18,29.25,30,29.75,29.25,0.5,1.68%,"68,100",-,,
7/30/2010,TOTL,Total Kenya,12.65,18,30,31,30.5,29.75,0.75,2.46%,"18,300",-,,
8/2/2010,TOTL,Total Kenya,12.65,18,30.5,31,30.5,30.5,-,-,"16,900",-,,
8/3/2010,TOTL,Total Kenya,12.65,18,30.5,31.75,30.75,30.5,0.25,0.81%,"14,300",-,,
8/5/2010,TOTL,Total Kenya,12.65,18,31,31.5,31.25,30.75,0.5,1.60%,800,-,,
8/6/2010,TOTL,Total Kenya,12.65,18,30,31.5,30.25,31.25,-1,3.31%,"5,000",-,,
8/9/2010,TOTL,Total Kenya,12.65,18,30.75,31.25,31,30.25,0.75,2.42%,"20,400",-,,
8/10/2010,TOTL,Total Kenya,12.65,18,30.5,31,30.75,31,-0.25,0.81%,"7,100",-,,
8/11/2010,TOTL,Total Kenya,12.65,18,30.5,31,30.5,30.75,-0.25,0.82%,"5,500",-,,
8/12/2010,TOTL,Total Kenya,12.65,18,30,30.5,30,30.5,-0.5,1.67%,"5,900",-,,
8/13/2010,TOTL,Total Kenya,12.65,18,30.25,31,30.5,30,0.5,1.64%,"21,900",-,,
8/16/2010,TOTL,Total Kenya,12.65,18,30,31,30,30.5,-0.5,1.67%,"5,500",-,,
8/17/2010,TOTL,Total Kenya,12.65,18,30.5,31,30.5,30,0.5,1.64%,"4,400",-,,
8/18/2010,TOTL,Total Kenya,12.65,18,30,30.5,30.25,30.5,-0.25,0.83%,"31,400",-,,
8/19/2010,TOTL,Total Kenya,12.65,18,30,30.25,30,30.25,-0.25,0.83%,"18,800",-,,
8/20/2010,TOTL,Total Kenya,12.65,18,30,31,30.75,30,0.75,2.44%,"47,100",-,,
8/23/2010,TOTL,Total Kenya,12.65,18,29.5,30.75,30.25,30.75,-0.5,1.65%,"113,300",-,,
8/24/2010,TOTL,Total Kenya,12.65,18,30,30.75,30,30.25,-0.25,0.83%,"5,100",-,,
8/25/2010,TOTL,Total Kenya,12.65,18,29.25,30,29.5,30,-0.5,1.69%,"4,000",-,,
8/26/2010,TOTL,Total Kenya,12.65,18,30,30,30,29.5,0.5,1.67%,"2,800",-,,
8/30/2010,TOTL,Total Kenya,12.65,18,29.5,30,29.75,30,-0.25,0.84%,"2,800",-,,
8/31/2010,TOTL,Total Kenya,12.65,18,29.5,30,29.5,29.75,-0.25,0.85%,"101,800",-,,
9/1/2010,TOTL,Total Kenya,12.65,18,29.5,30,29.5,29.5,-,-,"110,200",-,,
9/2/2010,TOTL,Total Kenya,12.65,18,30.5,32,31,29.5,1.5,4.84%,"101,500",-,,
9/3/2010,TOTL,Total Kenya,12.65,18,30.75,31.75,31,31,-,-,"38,500",-,,
9/6/2010,TOTL,Total Kenya,12.65,18,31.25,31.75,31.5,31,0.5,1.59%,"20,200",-,,
9/7/2010,TOTL,Total Kenya,12.65,18,31,31.5,31.25,31.5,-0.25,0.80%,"34,000",-,,
9/8/2010,TOTL,Total Kenya,12.65,18,30.5,31.75,31.25,31.25,-,-,"12,800",-,,
9/9/2010,TOTL,Total Kenya,12.65,18,31,31.25,31,31.25,-0.25,0.81%,"16,600",-,,
9/10/2010,TOTL,Total Kenya,12.65,18,31.25,31.5,31.25,31,0.25,0.80%,"154,000",-,,
9/13/2010,TOTL,Total Kenya,12.65,18,31,32,31.25,31.25,-,-,"16,400",-,,
9/14/2010,TOTL,Total Kenya,12.65,18,31.25,32,31.75,31.25,0.5,1.57%,"72,400",-,,
9/15/2010,TOTL,Total Kenya,12.65,18,31.5,33,32.25,31.75,0.5,1.55%,"51,700",-,,
9/16/2010,TOTL,Total Kenya,12.65,18,31.25,32.5,31.75,32.25,-0.5,1.57%,"29,200",-,,
9/17/2010,TOTL,Total Kenya,12.65,18,31.25,32.5,31.75,31.75,-,-,"26,800",-,,
9/20/2010,TOTL,Total Kenya,12.65,18,31.25,32.5,31.75,31.75,-,-,"91,300",-,,
9/21/2010,TOTL,Total Kenya,12.65,18,31.25,32.5,32,31.75,0.25,0.78%,"111,700",-,,
9/22/2010,TOTL,Total Kenya,12.65,18,31.25,32.5,32,32,-,-,"2,800",-,,
9/23/2010,TOTL,Total Kenya,12.65,18,32,32.25,32,32,-,-,"3,900",-,,
9/24/2010,TOTL,Total Kenya,12.65,18,32,32.25,32,32,-,-,"29,200",-,,
9/27/2010,TOTL,Total Kenya,12.65,18,31.5,32,31.75,32,-0.25,0.79%,"17,400",-,,
9/28/2010,TOTL,Total Kenya,12.65,18,32,32,32,31.75,0.25,0.78%,"27,400",-,,
9/29/2010,TOTL,Total Kenya,12.65,18,31.5,32,31.75,32,-0.25,0.79%,"12,700",-,,
9/30/2010,TOTL,Total Kenya,12.65,18,31.5,32,31.75,31.75,-,-,"26,600",-,,
10/1/2010,TOTL,Total Kenya,12.65,18,31.5,31.75,31.5,31.75,-0.25,0.79%,"10,900",-,,
10/4/2010,TOTL,Total Kenya,12.65,18,31,33,31.5,31.5,-,-,"16,300",-,,
10/5/2010,TOTL,Total Kenya,12.65,18,31.5,31.5,31.5,31.5,-,-,200,-,,
10/6/2010,TOTL,Total Kenya,12.65,18,31.5,31.5,31.5,31.5,-,-,"15,500",-,,
10/7/2010,TOTL,Total Kenya,12.65,18,30,31.5,31,31.5,-0.5,1.61%,"64,800",-,,
10/8/2010,TOTL,Total Kenya,12.65,18,30,31.5,31.25,31,0.25,0.80%,"22,500",-,,
10/11/2010,TOTL,Total Kenya,12.65,18,30.5,32,31.25,31.25,-,-,"30,300",-,,
10/12/2010,TOTL,Total Kenya,12.65,18,30.5,31,30.75,31.25,-0.5,1.63%,200,-,,
10/13/2010,TOTL,Total Kenya,12.65,18,31,31.25,31,30.75,0.25,0.81%,"2,400",-,,
10/14/2010,TOTL,Total Kenya,12.65,18,30.5,31,30.5,31,-0.5,1.64%,"9,500",-,,
10/15/2010,TOTL,Total Kenya,12.65,18,31,31.5,31,30.5,0.5,1.61%,"20,100",-,,
10/18/2010,TOTL,Total Kenya,12.65,18,31,31.5,31.25,31,0.25,0.80%,"8,300",-,,
10/19/2010,TOTL,Total Kenya,12.65,18,31,31.5,31,31.25,-0.25,0.81%,"13,300",-,,
10/21/2010,TOTL,Total Kenya,12.65,18,30,31,30.5,31,-0.5,1.64%,"11,400",-,,
10/22/2010,TOTL,Total Kenya,12.65,18,30.5,30.5,30.5,30.5,-,-,"2,200",-,,
10/25/2010,TOTL,Total Kenya,12.65,18,30,30.75,30,30.5,-0.5,1.67%,"1,600",-,,
10/26/2010,TOTL,Total Kenya,12.65,18,30.5,30.75,30.5,30,0.5,1.64%,"8,500",-,,
10/27/2010,TOTL,Total Kenya,12.65,18,30.5,31,30.5,30.5,-,-,"11,900",-,,
10/28/2010,TOTL,Total Kenya,12.65,18,30.75,31,30.75,30.5,0.25,0.81%,"23,400",-,,
10/29/2010,TOTL,Total Kenya,12.65,18,30,31,30.25,30.75,-0.5,1.65%,"9,700",-,,
11/1/2010,TOTL,Total Kenya,12.65,18,31,32.5,31,30.25,0.75,2.42%,"15,000",-,,
11/2/2010,TOTL,Total Kenya,12.65,18,30.5,30.5,30.5,31,-0.5,1.64%,"3,000",-,,
11/3/2010,TOTL,Total Kenya,12.65,18,29,30.5,29.75,30.5,-0.75,2.52%,"123,400",-,,
11/4/2010,TOTL,Total Kenya,12.65,18,30,30,30,29.75,0.25,0.83%,"128,400",-,,
11/5/2010,TOTL,Total Kenya,12.65,18,30,30.5,30,30,-,-,"10,100",-,,
11/8/2010,TOTL,Total Kenya,12.65,18,30,30.5,30.25,30,0.25,0.83%,"6,300",-,,
11/9/2010,TOTL,Total Kenya,12.65,18,30.5,30.5,30.5,30.25,0.25,0.82%,"29,000",-,,
11/10/2010,TOTL,Total Kenya,12.65,18,30.5,30.5,30.5,30.5,-,-,"20,000",-,,
11/11/2010,TOTL,Total Kenya,12.65,18,30,30.25,30,30.5,-0.5,1.67%,"7,700",-,,
11/12/2010,TOTL,Total Kenya,12.65,18,30,30,30,30,-,-,"17,800",-,,
11/15/2010,TOTL,Total Kenya,12.65,18,29.5,30.5,30,30,-,-,"9,000",-,,
11/16/2010,TOTL,Total Kenya,12.65,18,29,30,29,30,-1,3.45%,"2,500",-,,
11/17/2010,TOTL,Total Kenya,12.65,18,29,29.25,29,29,-,-,"26,900",-,,
11/18/2010,TOTL,Total Kenya,12.65,18,29,29.5,29,29,-,-,"14,000",-,,
11/19/2010,TOTL,Total Kenya,12.65,18,29,29.75,29.25,29,0.25,0.85%,"24,000",-,,
11/22/2010,TOTL,Total Kenya,12.65,18,29.25,29.5,29.25,29.25,-,-,"15,400",-,,
11/23/2010,TOTL,Total Kenya,12.65,18,29.25,29.5,29.25,29.25,-,-,"20,200",-,,
11/24/2010,TOTL,Total Kenya,12.65,18,29.5,30,29.5,29.25,0.25,0.85%,"9,100",-,,
11/25/2010,TOTL,Total Kenya,12.65,18,29.5,29.5,29.5,29.5,-,-,"2,700",-,,
11/26/2010,TOTL,Total Kenya,12.65,18,29.25,29.5,29.25,29.5,-0.25,0.85%,"3,800",-,,
11/29/2010,TOTL,Total Kenya,12.65,18,29,29.5,29,29.25,-0.25,0.86%,"10,500",-,,
11/30/2010,TOTL,Total Kenya,12.65,18,29,29.5,29,29,-,-,"7,800",-,,
12/1/2010,TOTL,Total Kenya,12.65,18,29,29.5,29.25,29,0.25,0.85%,"13,200",-,,
12/2/2010,TOTL,Total Kenya,12.65,18,29,29.5,29,29.25,-0.25,0.86%,"5,200",-,,
12/3/2010,TOTL,Total Kenya,12.65,18,29,29,29,29,-,-,"1,900",-,,
12/6/2010,TOTL,Total Kenya,12.65,18,29.25,30,29.5,29,0.5,1.69%,"3,000",-,,
12/7/2010,TOTL,Total Kenya,12.65,18,29,29.5,29,29.5,-0.5,1.72%,"3,500",-,,
12/8/2010,TOTL,Total Kenya,12.65,18,29,29,29,29,-,-,"6,200",-,,
12/9/2010,TOTL,Total Kenya,12.65,18,28.5,29,28.75,29,-0.25,0.87%,"6,300",-,,
12/10/2010,TOTL,Total Kenya,12.65,18,28,28.5,28,28.75,-0.75,2.68%,"32,000",-,,
12/14/2010,TOTL,Total Kenya,12.65,18,28,28.25,28,28,-,-,"1,500",-,,
12/15/2010,TOTL,Total Kenya,12.65,18,28,29.25,28,28,-,-,"16,000",-,,
12/16/2010,TOTL,Total Kenya,12.65,18,28,28,28,28,-,-,"2,200",-,,
12/17/2010,TOTL,Total Kenya,12.65,18,28,29.5,28.75,28,0.75,2.61%,"18,400",-,,
12/20/2010,TOTL,Total Kenya,12.65,18,28,29.5,28,28.75,-0.75,2.68%,"31,000",-,,
12/21/2010,TOTL,Total Kenya,12.65,18,28,29,28.5,28,0.5,1.75%,"2,500",-,,
12/22/2010,TOTL,Total Kenya,12.65,18,28.25,29.5,28.25,28.5,-0.25,0.88%,"7,300",-,,
12/23/2010,TOTL,Total Kenya,12.65,18,28.25,28.25,28.25,28.25,-,-,"12,500",-,,
12/24/2010,TOTL,Total Kenya,12.65,18,28.25,29,28.75,28.25,0.5,1.74%,"4,800",-,,
12/27/2010,TOTL,Total Kenya,12.65,18,29,29,29,28.75,0.25,0.86%,"10,200",-,,
12/28/2010,TOTL,Total Kenya,12.65,18,28.5,29,28.75,29,-0.25,0.87%,"2,300",-,,
12/29/2010,TOTL,Total Kenya,12.65,18,28.5,29.5,29.25,28.75,0.5,1.71%,"3,300",-,,
12/30/2010,TOTL,Total Kenya,12.65,18,29.5,29.5,29.5,29.25,0.25,0.85%,100,-,,
12/31/2010,TOTL,Total Kenya,12.65,18,29,29,29,29.5,-0.5,1.72%,"1,100",-,,
,TOTL,Total Kenya,12.65,18,30.5,30.5,30.5,33.75,-3.25,10.66%,"1,100",,1/2/2008,-
,TOTL,Total Kenya,12.65,18,31,32.5,31.25,30.5,0.75,2.40%,"6,600",,1/7/2008,-
,TOTL,Total Kenya,12.65,18,30,33,32,31.25,0.75,2.34%,"21,600",,1/8/2008,-
,TOTL,Total Kenya,12.65,18,31.5,33,32,32,-,-,"24,500",,1/9/2008,-
,TOTL,Total Kenya,12.65,18,31,33.5,32.25,32,0.25,0.78%,"65,300",,1/10/2008,-
,TOTL,Total Kenya,12.65,18,32.5,33.75,32.5,32.25,0.25,0.77%,"166,100",,1/11/2008,-
,TOTL,Total Kenya,12.65,18,31,33,32.25,32.5,-0.25,0.78%,"22,200",,1/14/2008,-
,TOTL,Total Kenya,12.65,18,31,32.5,31.5,32.25,-0.75,2.38%,"56,500",,1/15/2008,-
,TOTL,Total Kenya,12.65,18,31,32,31.75,31.5,0.25,0.79%,"7,000",,1/16/2008,-
,TOTL,Total Kenya,12.65,18,31,31.5,31.25,31.75,-0.5,1.60%,"12,800",,1/17/2008,-
,TOTL,Total Kenya,12.65,18,31,32,31.75,31.25,0.5,1.57%,"4,200",,1/18/2008,-
,TOTL,Total Kenya,12.65,18,30,32,30.5,31.75,-1.25,4.10%,"14,000",,1/22/2008,-
,TOTL,Total Kenya,12.65,18,30,31.5,30,30.5,-0.5,1.67%,"21,500",,1/23/2008,-
,TOTL,Total Kenya,12.65,18,30,30.5,30,30,-,-,"21,100",,1/24/2008,-
,TOTL,Total Kenya,12.65,18,30,30.5,30,30,-,-,"6,000",,1/25/2008,-
,TOTL,Total Kenya,12.65,18,28.5,30,29.5,30,-0.5,1.69%,"59,300",,1/28/2008,-
,TOTL,Total Kenya,12.65,18,28,30,28,29.5,-1.5,5.36%,"5,800",,1/29/2008,-
,TOTL,Total Kenya,12.65,18,29,30,29.5,28,1.5,5.08%,"46,700",,1/30/2008,-
,TOTL,Total Kenya,12.65,18,28,30,29.25,29.5,-0.25,0.85%,"13,100",,1/31/2008,-
,TOTL,Total Kenya,12.65,18,28.5,30,29.25,29.25,-,-,"41,700",,2/1/2008,-
,TOTL,Total Kenya,12.65,18,29.25,30,29.25,29.25,-,-,"23,300",,2/4/2008,-
,TOTL,Total Kenya,12.65,18,29.25,30,29.25,29.25,-,-,"19,000",,2/5/2008,-
,TOTL,Total Kenya,12.65,18,29,29.5,29,29.25,-0.25,0.86%,"10,000",,2/6/2008,-
,TOTL,Total Kenya,12.65,18,29,31.5,29.5,29,0.5,1.69%,"2,700",,2/7/2008,-
,TOTL,Total Kenya,12.65,18,29.5,31,29.5,29.5,-,-,"4,900",,2/8/2008,-
,TOTL,Total Kenya,12.65,18,27.75,31,30.25,29.5,0.75,2.48%,"42,200",,2/11/2008,-
,TOTL,Total Kenya,12.65,18,30.5,31.5,30.75,30.25,0.5,1.63%,"10,300",,2/12/2008,-
,TOTL,Total Kenya,12.65,18,30,32,31.75,30.75,1,3.15%,"9,800",,2/13/2008,-
,TOTL,Total Kenya,12.65,18,30.25,32.5,32,31.75,0.25,0.78%,"24,000",,2/14/2008,-
,TOTL,Total Kenya,12.65,18,30,33,32,32,-,-,"16,000",,2/15/2008,-
,TOTL,Total Kenya,12.65,18,30.5,33,32.25,32,0.25,0.78%,"11,200",,2/18/2008,-
,TOTL,Total Kenya,12.65,18,32,32.5,32,32.25,-0.25,0.78%,"18,100",,2/19/2008,-
,TOTL,Total Kenya,12.65,18,31,34,31.75,32,-0.25,0.79%,"11,800",,2/20/2008,-
,TOTL,Total Kenya,12.65,18,32,33,32,31.75,0.25,0.78%,"4,600",,2/21/2008,-
,TOTL,Total Kenya,12.65,18,30,32,31.25,32,-0.75,2.40%,"5,900",,2/22/2008,-
,TOTL,Total Kenya,12.65,18,31.5,32,31.75,31.25,0.5,1.57%,"6,000",,2/25/2008,-
,TOTL,Total Kenya,12.65,18,31.25,33,32.75,31.75,1,3.05%,"58,600",,2/26/2008,-
,TOTL,Total Kenya,12.65,18,30,32.5,31,32.75,-1.75,5.65%,"14,100",,2/27/2008,-
,TOTL,Total Kenya,12.65,18,31,32.75,31.25,31,0.25,0.80%,"1,200",,2/28/2008,-
,TOTL,Total Kenya,12.65,18,31,32,31.5,31.25,0.25,0.79%,"17,800",,2/29/2008,-
,TOTL,Total Kenya,12.65,18,31.5,32,31.75,31.5,0.25,0.79%,"7,600",,3/3/2008,-
,TOTL,Total Kenya,12.65,18,31.75,32,31.75,31.75,-,-,"7,700",,3/4/2008,-
,TOTL,Total Kenya,12.65,18,32,33.5,32.5,31.75,0.75,2.31%,"283,600",,3/5/2008,-
,TOTL,Total Kenya,12.65,18,32,33,32.75,32.5,0.25,0.76%,"13,100",,3/6/2008,-
,TOTL,Total Kenya,12.65,18,32.75,33,32.75,32.75,-,-,"3,800",,3/7/2008,-
,TOTL,Total Kenya,12.65,18,32.75,34,33,32.75,0.25,0.76%,"60,900",,3/10/2008,-
,TOTL,Total Kenya,12.65,18,31,34,32,33,-1,3.13%,"38,800",,3/11/2008,-
,TOTL,Total Kenya,12.65,18,31,33,32,32,-,-,"35,800",,3/12/2008,-
,TOTL,Total Kenya,12.65,18,32,33.75,32.75,32,0.75,2.29%,"26,400",,3/13/2008,-
,TOTL,Total Kenya,12.65,18,31,32.5,31.5,32.75,-1.25,3.97%,"62,800",,3/14/2008,-
,TOTL,Total Kenya,12.65,18,31,31.75,31.5,31.5,-,-,"36,100",,3/17/2008,-
,TOTL,Total Kenya,12.65,18,30,31,30.25,31.5,-1.25,4.13%,"17,900",,3/18/2008,-
,TOTL,Total Kenya,12.65,18,30,31,30,30.25,-0.25,0.83%,"15,500",,3/19/2008,-
,TOTL,Total Kenya,12.65,18,30.25,31.5,30.5,30,0.5,1.64%,"9,300",,3/20/2008,-
,TOTL,Total Kenya,12.65,18,30.5,31.25,30.75,30.5,0.25,0.81%,"11,900",,3/25/2008,-
,TOTL,Total Kenya,12.65,18,30.5,31,30.5,30.75,-0.25,0.82%,"22,500",,3/26/2008,-
,TOTL,Total Kenya,12.65,18,30,31,30.75,30.5,0.25,0.81%,"16,200",,3/27/2008,-
,TOTL,Total Kenya,12.65,18,30,31,30.25,30.75,-0.5,1.65%,"5,300",,3/28/2008,-
,TOTL,Total Kenya,12.65,18,30.5,31,30.75,30.25,0.5,1.63%,"7,300",,3/31/2008,-
,TOTL,Total Kenya,12.65,18,30.5,31,30.75,30.75,-,-,"8,000",,4/1/2008,-
,TOTL,Total Kenya,12.65,18,30.5,31,30.75,30.75,-,-,"16,800",,4/2/2008,-
,TOTL,Total Kenya,12.65,18,30.5,31,30.5,30.75,-0.25,0.82%,"9,000",,4/3/2008,-
,TOTL,Total Kenya,12.65,18,30.5,31.25,31,30.5,0.5,1.61%,"57,000",,4/4/2008,-
,TOTL,Total Kenya,12.65,18,31.25,33,32.5,31,1.5,4.62%,"8,100",,4/7/2008,-
,TOTL,Total Kenya,12.65,18,33,33.5,33,32.5,0.5,1.52%,"33,500",,4/8/2008,-
,TOTL,Total Kenya,12.65,18,32.5,33,32.75,33,-0.25,0.76%,"146,000",,4/9/2008,-
,TOTL,Total Kenya,12.65,18,32.5,34,32.5,32.75,-0.25,0.77%,"16,600",,4/10/2008,-
,TOTL,Total Kenya,12.65,18,32,32.75,32.25,32.5,-0.25,0.78%,"23,400",,4/11/2008,-
,TOTL,Total Kenya,12.65,18,32,32.75,32,32.25,-0.25,0.78%,"63,200",,4/14/2008,-
,TOTL,Total Kenya,12.65,18,31,33,31.5,32,-0.5,1.59%,"70,300",,4/15/2008,-
,TOTL,Total Kenya,12.65,18,31,32.5,31.5,31.5,-,-,"37,400",,4/16/2008,-
,TOTL,Total Kenya,12.65,18,31.75,33,32,31.5,0.5,1.56%,"41,100",,4/17/2008,-
,TOTL,Total Kenya,12.65,18,31,32.75,31.5,32,-0.5,1.59%,"47,000",,4/18/2008,-
,TOTL,Total Kenya,12.65,18,31,32,31.5,31.5,-,-,"38,100",,4/21/2008,-
,TOTL,Total Kenya,12.65,18,31,32.5,31.5,31.5,-,-,"13,200",,4/22/2008,-
,TOTL,Total Kenya,12.65,18,32,32.5,32,31.5,0.5,1.56%,"16,000",,4/23/2008,-
,TOTL,Total Kenya,12.65,18,31,32,31,32,-1,3.23%,"118,900",,4/24/2008,-
,TOTL,Total Kenya,12.65,18,32,34,33.5,31,2.5,7.46%,"146,700",,4/25/2008,-
,TOTL,Total Kenya,12.65,18,33,34,33.5,33.5,-,-,"119,300",,4/28/2008,-
,TOTL,Total Kenya,12.65,18,33.75,34,33.75,33.5,0.25,0.74%,"54,400",,4/29/2008,-
,TOTL,Total Kenya,12.65,18,33.75,35,34,33.75,0.25,0.74%,"82,700",,4/30/2008,-
,TOTL,Total Kenya,12.65,18,33.75,34.5,34,34,-,-,"123,200",,5/2/2008,-
,TOTL,Total Kenya,12.65,18,34,35,34.25,34,0.25,0.73%,"6,200",,5/5/2008,-
,TOTL,Total Kenya,12.65,18,34,35,34.25,34.25,-,-,"28,300",,5/6/2008,-
,TOTL,Total Kenya,12.65,18,34.5,35,34.5,34.25,0.25,0.72%,"15,400",,5/7/2008,-
,TOTL,Total Kenya,12.65,18,33.75,35.5,34,34.5,-0.5,1.47%,"101,100",,5/8/2008,-
,TOTL,Total Kenya,12.65,18,34,35,34,34,-,-,"19,100",,5/9/2008,-
,TOTL,Total Kenya,12.65,18,33.75,34.5,34,34,-,-,"37,200",,5/12/2008,-
,TOTL,Total Kenya,12.65,18,33.75,35,34.5,34,0.5,1.45%,"62,700",,5/13/2008,-
,TOTL,Total Kenya,12.65,18,33.75,34.5,33.75,34.5,-0.75,2.22%,"6,700",,5/14/2008,-
,TOTL,Total Kenya,12.65,18,33.5,35,34,33.75,0.25,0.74%,"46,400",,5/15/2008,-
,TOTL,Total Kenya,12.65,18,33.5,34.5,34,34,-,-,"21,900",,5/16/2008,-
,TOTL,Total Kenya,12.65,18,34,34.5,34.25,34,0.25,0.73%,"30,800",,5/19/2008,-
,TOTL,Total Kenya,12.65,18,34.25,34.5,34.25,34.25,-,-,"80,400",,5/20/2008,-
,TOTL,Total Kenya,12.65,18,33.5,34.5,34,34.25,-0.25,0.74%,"86,800",,5/21/2008,-
,TOTL,Total Kenya,12.65,18,33,34.25,33.5,34,-0.5,1.49%,"28,300",,5/22/2008,-
,TOTL,Total Kenya,12.65,18,33,34,33.5,33.5,-,-,"23,800",,5/23/2008,-
,TOTL,Total Kenya,12.65,18,33.5,34,33.5,33.5,-,-,"36,900",,5/26/2008,-
,TOTL,Total Kenya,12.65,18,33.5,34,33.75,33.5,0.25,0.74%,"38,900",,5/27/2008,-
,TOTL,Total Kenya,12.65,18,33.5,34.5,33.75,33.75,-,-,"42,700",,5/28/2008,-
,TOTL,Total Kenya,12.65,18,30,33,30.5,33.75,-3.25,10.66%,"110,500",,5/29/2008,-
,TOTL,Total Kenya,12.65,18,30,31,30,30.5,-0.5,1.67%,"45,500",,5/30/2008,-
,TOTL,Total Kenya,12.65,18,31.5,32,31.75,30,1.75,5.51%,"8,800",,6/3/2008,-
,TOTL,Total Kenya,12.65,18,30.25,34,31.5,31.75,-0.25,0.79%,"14,100",,6/4/2008,-
,TOTL,Total Kenya,12.65,18,30.75,31.5,31,31.5,-0.5,1.61%,"34,300",,6/5/2008,-
,TOTL,Total Kenya,12.65,18,31,32,31.75,31,0.75,2.36%,"5,900",,6/6/2008,-
,TOTL,Total Kenya,12.65,18,31,31.5,31,31.75,-0.75,2.42%,"8,100",,6/9/2008,-
,TOTL,Total Kenya,12.65,18,30.75,31.25,31,31,-,-,"4,500",,6/10/2008,-
,TOTL,Total Kenya,12.65,18,29.5,32.5,30.25,31,-0.75,2.48%,"50,900",,6/11/2008,-
,TOTL,Total Kenya,12.65,18,29.75,31,30,30.25,-0.25,0.83%,"72,400",,6/12/2008,-
,TOTL,Total Kenya,12.65,18,29.5,30,29.75,30,-0.25,0.84%,"57,900",,6/13/2008,-
,TOTL,Total Kenya,12.65,18,29.5,30,29.5,29.75,-0.25,0.85%,"112,400",,6/16/2008,-
,TOTL,Total Kenya,12.65,18,29.25,31,29.5,29.5,-,-,"167,700",,6/17/2008,-
,TOTL,Total Kenya,12.65,18,29.5,31,30,29.5,0.5,1.67%,"93,900",,6/18/2008,-
,TOTL,Total Kenya,12.65,18,30,31,30,30,-,-,"96,700",,6/19/2008,-
,TOTL,Total Kenya,12.65,18,30,31,30,30,-,-,"59,300",,6/20/2008,-
,TOTL,Total Kenya,12.65,18,30,30,30,30,-,-,"16,700",,6/23/2008,-
,TOTL,Total Kenya,12.65,18,29.75,30,29.75,30,-0.25,0.84%,"3,600",,6/24/2008,-
,TOTL,Total Kenya,12.65,18,29,31,29.75,29.75,-,-,"69,800",,6/25/2008,-
,TOTL,Total Kenya,12.65,18,29.75,30.75,29.75,29.75,-,-,"26,400",,6/26/2008,-
,TOTL,Total Kenya,12.65,18,29.75,30,29.75,29.75,-,-,"30,300",,6/27/2008,-
,TOTL,Total Kenya,12.65,18,29.5,30,29.75,29.75,-,-,"26,000",,6/30/2008,-
,TOTL,Total Kenya,12.65,18,29.75,30,29.75,29.75,-,-,"10,000",,7/1/2008,-
,TOTL,Total Kenya,12.65,18,29.75,30.5,30,29.75,0.25,0.83%,"16,200",,7/2/2008,-
,TOTL,Total Kenya,12.65,18,30,30.75,30.25,30,0.25,0.83%,"9,200",,7/3/2008,-
,TOTL,Total Kenya,12.65,18,29.75,30.5,30,30.25,-0.25,0.83%,"19,100",,7/4/2008,-
,TOTL,Total Kenya,12.65,18,30.25,30.5,30.25,30,0.25,0.83%,"4,700",,7/7/2008,-
,TOTL,Total Kenya,12.65,18,30,30.5,30,30.25,-0.25,0.83%,"15,600",,7/8/2008,-
,TOTL,Total Kenya,12.65,18,29.75,30.25,30,30,-,-,"5,700",,7/9/2008,-
,TOTL,Total Kenya,12.65,18,29.75,30,29.75,30,-0.25,0.84%,"25,400",,7/10/2008,-
,TOTL,Total Kenya,12.65,18,29.5,30,29.75,29.75,-,-,"9,900",,7/11/2008,-
,TOTL,Total Kenya,12.65,18,29.75,30,29.75,29.75,-,-,"20,800",,7/14/2008,-
,TOTL,Total Kenya,12.65,18,29.5,30,29.5,29.75,-0.25,0.85%,"40,200",,7/15/2008,-
,TOTL,Total Kenya,12.65,18,29.5,30,29.75,29.5,0.25,0.84%,"20,800",,7/16/2008,-
,TOTL,Total Kenya,12.65,18,29.75,30.5,30.25,29.75,0.5,1.65%,"35,600",,7/17/2008,-
,TOTL,Total Kenya,12.65,18,30.5,33.25,32.5,30.25,2.25,6.92%,"144,400",,7/18/2008,-
,TOTL,Total Kenya,12.65,18,32,33.25,32.75,32.5,0.25,0.76%,"66,000",,7/21/2008,-
,TOTL,Total Kenya,12.65,18,30,33,31.75,32.75,-1,3.15%,"47,500",,7/22/2008,-
,TOTL,Total Kenya,12.65,18,31,32.5,32,31.75,0.25,0.78%,"26,100",,7/23/2008,-
,TOTL,Total Kenya,12.65,18,31.5,32,31.75,32,-0.25,0.79%,"5,600",,7/24/2008,-
,TOTL,Total Kenya,12.65,18,30.5,32,31.75,31.75,-,-,"4,400",,7/25/2008,-
,TOTL,Total Kenya,12.65,18,30.25,32,30.75,31.75,-1,3.25%,"12,100",,7/28/2008,-
,TOTL,Total Kenya,12.65,18,30,31,30,30.75,-0.75,2.50%,"51,400",,7/29/2008,-
,TOTL,Total Kenya,12.65,18,30,31,30,30,-,-,"27,100",,7/30/2008,-
,TOTL,Total Kenya,12.65,18,29.75,30.5,29.75,30,-0.25,0.84%,"5,700",,7/31/2008,-
,TOTL,Total Kenya,12.65,18,30,30.75,30,29.75,0.25,0.83%,"72,200",,8/1/2008,-
,TOTL,Total Kenya,12.65,18,30,30.5,30,30,-,-,"75,800",,8/4/2008,-
,TOTL,Total Kenya,12.65,18,30,30.25,30,30,-,-,"13,600",,8/5/2008,-
,TOTL,Total Kenya,12.65,18,30,30,30,30,-,-,"9,800",,8/6/2008,-
,TOTL,Total Kenya,12.65,18,29.75,30.5,30,30,-,-,"67,400",,8/7/2008,-
,TOTL,Total Kenya,12.65,18,30,30.25,30,30,-,-,"23,900",,8/8/2008,-
,TOTL,Total Kenya,12.65,18,30,30.25,30,30,-,-,"34,800",,8/11/2008,-
,TOTL,Total Kenya,12.65,18,28.5,30,29,30,-1,3.45%,"101,000",,8/12/2008,-
,TOTL,Total Kenya,12.65,18,29,30,29,29,-,-,"31,700",,8/13/2008,-
,TOTL,Total Kenya,12.65,18,28.5,29.5,29,29,-,-,"7,300",,8/14/2008,-
,TOTL,Total Kenya,12.65,18,29.5,30.75,29.75,29,0.75,2.52%,"10,600",,8/15/2008,-
,TOTL,Total Kenya,12.65,18,30,32,30.25,29.75,0.5,1.65%,"46,600",,8/18/2008,-
,TOTL,Total Kenya,12.65,18,29.75,30,29.75,30.25,-0.5,1.68%,"34,300",,8/19/2008,-
,TOTL,Total Kenya,12.65,18,29,30.5,29.75,29.75,-,-,"42,200",,8/20/2008,-
,TOTL,Total Kenya,12.65,18,29.5,31,29.75,29.75,-,-,"15,800",,8/21/2008,-
,TOTL,Total Kenya,12.65,18,29.5,30,29.75,29.75,-,-,"2,500",,8/22/2008,-
,TOTL,Total Kenya,12.65,18,29,30,29.5,29.75,-0.25,0.85%,"32,100",,8/25/2008,-
,TOTL,Total Kenya,12.65,18,29,30,29.5,29.5,-,-,"43,700",,8/26/2008,-
,TOTL,Total Kenya,12.65,18,29.5,30,29.5,29.5,-,-,"29,400",,8/27/2008,-
,TOTL,Total Kenya,12.65,18,29.5,30,29.5,29.5,-,-,"35,900",,8/28/2008,-
,TOTL,Total Kenya,12.65,18,29.5,29.5,29.5,29.5,-,-,"20,700",,8/29/2008,-
,TOTL,Total Kenya,12.65,18,29.5,30,29.5,29.5,-,-,"70,200",,9/1/2008,-
,TOTL,Total Kenya,12.65,18,29,30,29.25,29.5,-0.25,0.85%,"47,800",,9/2/2008,-
,TOTL,Total Kenya,12.65,18,29.5,30,29.5,29.25,0.25,0.85%,"38,600",,9/3/2008,-
,TOTL,Total Kenya,12.65,18,29,29.75,29.5,29.5,-,-,"65,500",,9/4/2008,-
,TOTL,Total Kenya,12.65,18,29.5,30,29.5,29.5,-,-,"50,300",,9/5/2008,-
,TOTL,Total Kenya,12.65,18,29,30,29,29.5,-0.5,1.72%,"18,800",,9/8/2008,-
,TOTL,Total Kenya,12.65,18,29,30,29.25,29,0.25,0.85%,"29,800",,9/9/2008,-
,TOTL,Total Kenya,12.65,18,29,30,29,29.25,-0.25,0.86%,"18,100",,9/10/2008,-
,TOTL,Total Kenya,12.65,18,29,30,29,29,-,-,"42,100",,9/11/2008,-
,TOTL,Total Kenya,12.65,18,28,29,28.5,29,-0.5,1.75%,"14,800",,9/12/2008,-
,TOTL,Total Kenya,12.65,18,28,29,28.25,28.5,-0.25,0.88%,"21,000",,9/15/2008,-
,TOTL,Total Kenya,12.65,18,28,30,28,28.25,-0.25,0.89%,"19,600",,9/16/2008,-
,TOTL,Total Kenya,12.65,18,28,29,28,28,-,-,"35,200",,9/17/2008,-
,TOTL,Total Kenya,12.65,18,28.5,30,29,28,1,3.45%,"32,500",,9/18/2008,-
,TOTL,Total Kenya,12.65,18,29,30,29.75,29,0.75,2.52%,"13,200",,9/19/2008,-
,TOTL,Total Kenya,12.65,18,29,30,29.5,29.75,-0.25,0.85%,"28,800",,9/22/2008,-
,TOTL,Total Kenya,12.65,18,29,30,29.75,29.5,0.25,0.84%,"7,900",,9/23/2008,-
,TOTL,Total Kenya,12.65,18,29,30,29.5,29.75,-0.25,0.85%,"47,900",,9/24/2008,-
,TOTL,Total Kenya,12.65,18,30,30,30,29.5,0.5,1.67%,"5,600",,9/25/2008,-
,TOTL,Total Kenya,12.65,18,29.75,30,29.75,30,-0.25,0.84%,"2,200",,9/26/2008,-
,TOTL,Total Kenya,12.65,18,30,32,30.75,29.75,1,3.25%,"8,600",,9/29/2008,-
,TOTL,Total Kenya,12.65,18,29.5,30,29.75,30.75,-1,3.36%,"13,700",,9/30/2008,-
,TOTL,Total Kenya,12.65,18,29.75,30,29.75,29.75,-,-,"21,400",,10/2/2008,-
,TOTL,Total Kenya,12.65,18,30,31.5,30.75,29.75,1,3.25%,"3,700",,10/3/2008,-
,TOTL,Total Kenya,12.65,18,30,30,30,30.75,-0.75,2.50%,"3,000",,10/6/2008,-
,TOTL,Total Kenya,12.65,18,30,30.75,30.25,30,0.25,0.83%,"12,100",,10/7/2008,-
,TOTL,Total Kenya,12.65,18,30,30.5,30,30.25,-0.25,0.83%,"4,300",,10/8/2008,-
,TOTL,Total Kenya,12.65,18,30,30.5,30,30,-,-,"3,400",,10/9/2008,-
,TOTL,Total Kenya,12.65,18,29.5,30,29.75,30,-0.25,0.84%,"5,000",,10/13/2008,-
,TOTL,Total Kenya,12.65,18,29.5,30,29.75,29.75,-,-,"8,600",,10/14/2008,-
,TOTL,Total Kenya,12.65,18,29.5,30.5,30,29.75,0.25,0.83%,"5,100",,10/15/2008,-
,TOTL,Total Kenya,12.65,18,29,30,29.25,30,-0.75,2.56%,"7,900",,10/16/2008,-
,TOTL,Total Kenya,12.65,18,28,29,28,29.25,-1.25,4.46%,"3,500",,10/17/2008,-
,TOTL,Total Kenya,12.65,18,29,30,29.25,28,1.25,4.27%,"6,100",,10/21/2008,-
,TOTL,Total Kenya,12.65,18,28,29.5,28,29.25,-1.25,4.46%,"26,400",,10/22/2008,-
,TOTL,Total Kenya,12.65,18,27,29,27.75,28,-0.25,0.90%,"5,700",,10/23/2008,-
,TOTL,Total Kenya,12.65,18,26,28,27,27.75,-0.75,2.78%,"9,900",,10/24/2008,-
,TOTL,Total Kenya,12.65,18,25,27,25.75,27,-1.25,4.85%,"23,000",,10/27/2008,-
,TOTL,Total Kenya,12.65,18,24,26.5,24,25.75,-1.75,7.29%,"33,000",,10/28/2008,-
,TOTL,Total Kenya,12.65,18,24,24.75,24.25,24,0.25,1.03%,"1,900",,10/29/2008,-
,TOTL,Total Kenya,12.65,18,25,26.5,25.5,24.25,1.25,4.90%,"7,200",,10/30/2008,-
,TOTL,Total Kenya,12.65,18,27,28,27.25,25.5,1.75,6.42%,"8,000",,10/31/2008,-
,TOTL,Total Kenya,12.65,18,27.5,29.25,28,27.25,0.75,2.68%,"3,700",,11/3/2008,-
,TOTL,Total Kenya,12.65,18,29.25,30.75,30.25,28,2.25,7.44%,"42,600",,11/4/2008,-
,TOTL,Total Kenya,12.65,18,33.25,33.25,33.25,30.25,3,9.02%,"1,300",,11/5/2008,-
,TOTL,Total Kenya,12.65,18,30,34,30.75,33.25,-2.5,8.13%,"24,900",,11/7/2008,-
,TOTL,Total Kenya,12.65,18,30.75,33,32,30.75,1.25,3.91%,"21,000",,11/10/2008,-
,TOTL,Total Kenya,12.65,18,31.25,33.5,33.25,32,1.25,3.76%,"39,900",,11/11/2008,-
,TOTL,Total Kenya,12.65,18,32.5,33.25,32.75,33.25,-0.5,1.53%,"69,000",,11/13/2008,-
,TOTL,Total Kenya,12.65,18,33,34.5,33.5,32.75,0.75,2.24%,"24,300",,11/14/2008,-
,TOTL,Total Kenya,12.65,18,33.75,34,33.75,33.5,0.25,0.74%,"15,200",,11/17/2008,-
,TOTL,Total Kenya,12.65,18,34,35,34,33.75,0.25,0.74%,"31,900",,11/18/2008,-
,TOTL,Total Kenya,12.65,18,34,34.5,34,34,-,-,"37,000",,11/19/2008,-
,TOTL,Total Kenya,12.65,18,33,34,33.25,34,-0.75,2.26%,"23,800",,11/20/2008,-
,TOTL,Total Kenya,12.65,18,32.75,34,33,33.25,-0.25,0.76%,"181,700",,11/21/2008,-
,TOTL,Total Kenya,12.65,18,32.5,33.5,33,33,-,-,"5,100",,11/24/2008,-
,TOTL,Total Kenya,12.65,18,31.25,33,32.25,33,-0.75,2.33%,"11,700",,11/25/2008,-
,TOTL,Total Kenya,12.65,18,32.5,33,32.75,32.25,0.5,1.53%,"11,800",,11/26/2008,-
,TOTL,Total Kenya,12.65,18,33,33,33,32.75,0.25,0.76%,"6,400",,11/27/2008,-
,TOTL,Total Kenya,12.65,18,32.5,32.75,32.5,33,-0.5,1.54%,"1,100",,11/28/2008,-
,TOTL,Total Kenya,12.65,18,32,32,32,32.5,-0.5,1.56%,100,,12/1/2008,-
,TOTL,Total Kenya,12.65,18,30,32.5,31.5,32,-0.5,1.59%,"7,000",,12/2/2008,-
,TOTL,Total Kenya,12.65,18,30,31.5,31.25,31.5,-0.25,0.80%,"1,700",,12/3/2008,-
,TOTL,Total Kenya,12.65,18,29,31.5,30.25,31.25,-1,3.31%,"6,100",,12/4/2008,-
,TOTL,Total Kenya,12.65,18,29,31,29.5,30.25,-0.75,2.54%,"17,800",,12/5/2008,-
,TOTL,Total Kenya,12.65,18,28.75,31,29.75,29.5,0.25,0.84%,"9,500",,12/8/2008,-
,TOTL,Total Kenya,12.65,18,28,30,28.75,29.75,-1,3.48%,"30,000",,12/9/2008,-
,TOTL,Total Kenya,12.65,18,28,30,28.5,28.75,-0.25,0.88%,"54,000",,12/10/2008,-
,TOTL,Total Kenya,12.65,18,30,31,30.75,28.5,2.25,7.32%,400,,12/11/2008,-
,TOTL,Total Kenya,12.65,18,29.5,30,29.75,30.75,-1,3.36%,"1,200",,12/15/2008,-
,TOTL,Total Kenya,12.65,18,29.5,32,30.75,29.75,1,3.25%,"17,200",,12/16/2008,-
,TOTL,Total Kenya,12.65,18,31,31.5,31,30.75,0.25,0.81%,"42,200",,12/17/2008,-
,TOTL,Total Kenya,12.65,18,31.5,32.25,32,31,1,3.13%,"2,500",,12/18/2008,-
,TOTL,Total Kenya,12.65,18,31,32.25,31.75,32,-0.25,0.79%,"14,100",,12/19/2008,-
,TOTL,Total Kenya,12.65,18,32,32,32,31.75,0.25,0.78%,"12,000",,12/22/2008,-
,TOTL,Total Kenya,12.65,18,31.5,32,31.5,32,-0.5,1.59%,"1,400",,12/23/2008,-
,TOTL,Total Kenya,12.65,18,32,32,32,31.5,0.5,1.56%,"10,000",,12/24/2008,-
,TOTL,Total Kenya,12.65,18,31.75,32,31.75,32,-0.25,0.79%,"33,700",,12/29/2008,-
,TOTL,Total Kenya,12.65,18,32,32,32,31.75,0.25,0.78%,500,,12/30/2008,-
,TOTL,Total Kenya,12.65,18,32,32,32,32,-,-,"11,900",,12/31/2008,-
1/3/2011,TOTL,Total Kenya,12.65,18,28.5,29,28.75,29,-0.25,0.87%,"4,200",-,,
1/4/2011,TOTL,Total Kenya,12.65,18,28.75,29.5,28.75,28.75,-,-,"10,300",-,,
1/5/2011,TOTL,Total Kenya,12.65,18,29.25,29.5,29.25,28.75,0.5,1.71%,"13,500",-,,
1/6/2011,TOTL,Total Kenya,12.65,18,29.25,30,29.25,29.25,-,-,"50,400",-,,
1/7/2011,TOTL,Total Kenya,12.65,18,29,30,29.75,29.25,0.5,1.68%,"10,700",-,,
1/10/2011,TOTL,Total Kenya,12.65,18,29.5,30,29.5,29.75,-0.25,0.85%,"3,500",-,,
1/11/2011,TOTL,Total Kenya,12.65,18,29.5,30,29.5,29.5,-,-,"16,800",-,,
1/12/2011,TOTL,Total Kenya,12.65,18,29.25,29.5,29.25,29.5,-0.25,0.85%,"1,400",-,,
1/13/2011,TOTL,Total Kenya,12.65,18,29.25,30,29.25,29.25,-,-,"17,100",-,,
1/14/2011,TOTL,Total Kenya,12.65,18,29.25,30,29.25,29.25,-,-,"21,700",-,,
1/17/2011,TOTL,Total Kenya,12.65,18,29.25,30,29.25,29.25,-,-,"11,600",-,,
1/18/2011,TOTL,Total Kenya,12.65,18,29,29.5,29.25,29.25,-,-,"41,000",-,,
1/19/2011,TOTL,Total Kenya,12.65,18,29.5,30,29.5,29.25,0.25,0.85%,"37,500",-,,
1/20/2011,TOTL,Total Kenya,12.65,18,29,30,29.25,29.5,-0.25,0.85%,"93,700",-,,
1/21/2011,TOTL,Total Kenya,12.65,18,28.75,29.5,29,29.25,-0.25,0.86%,"6,400",-,,
1/24/2011,TOTL,Total Kenya,12.65,18,28.75,29.25,28.75,29,-0.25,0.87%,"18,200",-,,
1/25/2011,TOTL,Total Kenya,12.65,18,28.75,29.5,29,28.75,0.25,0.86%,"43,300",-,,
1/26/2011,TOTL,Total Kenya,12.65,18,28.75,28.75,28.75,29,-0.25,0.87%,"2,400",-,,
1/27/2011,TOTL,Total Kenya,12.65,18,28.75,29,28.75,28.75,-,-,"12,700",-,,
1/28/2011,TOTL,Total Kenya,12.65,18,28.75,29,28.75,28.75,-,-,"21,300",-,,
1/31/2011,TOTL,Total Kenya,12.65,18,28.75,29,28.75,28.75,-,-,"1,800",-,,
2/1/2011,TOTL,Total Kenya,12.65,18,28,29,28.5,28.75,-0.25,0.88%,"16,600",-,,
2/2/2011,TOTL,Total Kenya,12.65,18,28.5,28.75,28.5,28.5,-,-,"49,400",-,,
2/3/2011,TOTL,Total Kenya,12.65,18,28.5,29,28.5,28.5,-,-,"1,900",-,,
2/4/2011,TOTL,Total Kenya,12.65,18,28.5,28.75,28.5,28.5,-,-,"19,200",-,,
2/7/2011,TOTL,Total Kenya,12.65,18,28.5,29,28.5,28.5,-,-,"10,900",-,,
2/8/2011,TOTL,Total Kenya,12.65,18,28,28.75,28.5,28.5,-,-,"11,700",-,,
2/9/2011,TOTL,Total Kenya,12.65,18,28,28.5,28,28.5,-0.5,1.79%,"12,500",-,,
2/10/2011,TOTL,Total Kenya,12.65,18,28,28.5,28,28,-,-,"6,100",-,,
2/11/2011,TOTL,Total Kenya,12.65,18,27,29,28.25,28,0.25,0.88%,"13,000",-,,
2/14/2011,TOTL,Total Kenya,12.65,18,27.5,28.75,27.75,28.25,-0.5,1.80%,"4,400",-,,
2/15/2011,TOTL,Total Kenya,12.65,18,28.25,28.25,28.25,27.75,0.5,1.77%,"1,800",-,,
2/16/2011,TOTL,Total Kenya,12.65,18,28,28.5,28.25,28.25,-,-,"22,500",-,,
2/17/2011,TOTL,Total Kenya,12.65,18,28,28,28,28.25,-0.25,0.89%,"3,400",-,,
2/18/2011,TOTL,Total Kenya,12.65,18,28,28.5,28,28,-,-,"25,100",-,,
2/21/2011,TOTL,Total Kenya,12.65,18,28,28.5,28.25,28,0.25,0.88%,"7,800",-,,
2/22/2011,TOTL,Total Kenya,12.65,18,27.75,28.5,27.75,28.25,-0.5,1.80%,"10,800",-,,
2/23/2011,TOTL,Total Kenya,12.65,18,27.75,28,27.75,27.75,-,-,"5,200",-,,
2/24/2011,TOTL,Total Kenya,12.65,18,28,28.5,28,27.75,0.25,0.89%,"15,100",-,,
2/25/2011,TOTL,Total Kenya,12.65,18,27.75,28,27.75,28,-0.25,0.90%,"8,600",-,,
2/28/2011,TOTL,Total Kenya,12.65,18,28,28.25,28,27.75,0.25,0.89%,"6,100",-,,
3/1/2011,TOTL,Total Kenya,12.65,18,28.25,28.75,28.25,28,0.25,0.88%,"16,100",-,,
3/2/2011,TOTL,Total Kenya,12.65,18,28,28.25,28,28.25,-0.25,0.89%,"27,000",-,,
3/3/2011,TOTL,Total Kenya,12.65,18,28,28.5,28,28,-,-,"20,800",-,,
3/4/2011,TOTL,Total Kenya,12.65,18,28.25,28.5,28.25,28,0.25,0.88%,"3,300",-,,
3/7/2011,TOTL,Total Kenya,12.65,18,28.25,28.5,28.25,28.25,-,-,"17,500",-,,
3/8/2011,TOTL,Total Kenya,12.65,18,28.25,28.5,28.25,28.25,-,-,"7,900",-,,
3/9/2011,TOTL,Total Kenya,12.65,18,28.25,28.25,28.25,28.25,-,-,"6,000",-,,
3/10/2011,TOTL,Total Kenya,12.65,18,28,28,28,28.25,-0.25,0.89%,"24,000",-,,
3/11/2011,TOTL,Total Kenya,12.65,18,27,28.5,28.25,28,0.25,0.88%,"85,100",-,,
3/14/2011,TOTL,Total Kenya,12.65,18,28,28,28,28.25,-0.25,0.89%,"12,700",-,,
3/15/2011,TOTL,Total Kenya,12.65,18,27.5,28,27.75,28,-0.25,0.90%,"22,800",-,,
3/16/2011,TOTL,Total Kenya,12.65,18,27,27.25,27,27.75,-0.75,2.78%,"2,400",-,,
3/17/2011,TOTL,Total Kenya,12.65,18,27,28,27,27,-,-,"102,000",-,,
3/18/2011,TOTL,Total Kenya,12.65,18,26.5,27,26.75,27,-0.25,0.93%,"23,300",-,,
3/21/2011,TOTL,Total Kenya,12.65,18,27,28,27,26.75,0.25,0.93%,"1,700",-,,
3/22/2011,TOTL,Total Kenya,12.65,18,28,28,28,27,1,3.57%,500,-,,
3/23/2011,TOTL,Total Kenya,12.65,18,27.5,28,27.75,28,-0.25,0.90%,200,-,,
3/24/2011,TOTL,Total Kenya,12.65,18,27,28.25,27,27.75,-0.75,2.78%,"6,200",-,,
3/25/2011,TOTL,Total Kenya,12.65,18,27,27,27,27,-,-,"4,100",-,,
3/28/2011,TOTL,Total Kenya,12.65,18,27,27,27,27,-,-,"2,700",-,,
3/29/2011,TOTL,Total Kenya,12.65,18,27,27,27,27,-,-,"3,500",-,,
3/30/2011,TOTL,Total Kenya,12.65,18,26,27,26,27,-1,3.85%,"131,100",-,,
3/31/2011,TOTL,Total Kenya,12.65,18,25.25,26,25.5,26,-0.5,1.96%,"10,400",-,,
4/1/2011,TOTL,Total Kenya,12.65,18,25,26,25.25,25.5,-0.25,0.99%,"27,700",-,,
4/4/2011,TOTL,Total Kenya,12.65,18,25.25,25.25,25.25,25.25,-,-,0,-,,
4/5/2011,TOTL,Total Kenya,12.65,18,26,27,26.5,25.25,1.25,4.72%,"9,600",-,,
4/6/2011,TOTL,Total Kenya,12.65,18,26,26.5,26.25,26.5,-0.25,0.95%,"34,800",-,,
4/7/2011,TOTL,Total Kenya,12.65,18,25.5,27,26.5,26.25,0.25,0.94%,"13,000",-,,
4/8/2011,TOTL,Total Kenya,12.65,18,25,26.5,25.75,26.5,-0.75,2.91%,"7,900",-,,
4/11/2011,TOTL,Total Kenya,12.65,18,26.5,27,26.5,25.75,0.75,2.83%,"2,800",-,,
4/12/2011,TOTL,Total Kenya,12.65,18,26,27,26.25,26.5,-0.25,0.95%,"8,500",-,,
4/13/2011,TOTL,Total Kenya,12.65,18,26,26,26,26.25,-0.25,0.96%,"17,000",-,,
4/14/2011,TOTL,Total Kenya,12.65,18,26,26.25,26,26,-,-,"2,900",-,,
4/15/2011,TOTL,Total Kenya,12.65,18,26.5,27,26.5,26,0.5,1.89%,"7,600",-,,
4/18/2011,TOTL,Total Kenya,12.65,18,26,26.75,26,26.5,-0.5,1.92%,"5,900",-,,
4/19/2011,TOTL,Total Kenya,12.65,18,26,26.75,26,26,-,-,"6,600",-,,
4/20/2011,TOTL,Total Kenya,12.65,18,26,26.75,26.25,26,0.25,0.95%,"1,800",-,,
4/21/2011,TOTL,Total Kenya,12.65,18,26,26.5,26,26.25,-0.25,0.96%,"7,400",-,,
4/26/2011,TOTL,Total Kenya,12.65,18,26,27,26.5,26,0.5,1.89%,"10,100",-,,
4/27/2011,TOTL,Total Kenya,12.65,18,26,26.5,26.25,26.5,-0.25,0.95%,"3,200",-,,
4/28/2011,TOTL,Total Kenya,12.65,18,26.5,27,26.5,26.25,0.25,0.94%,"3,600",-,,
4/29/2011,TOTL,Total Kenya,12.65,18,26,27.25,27,26.5,0.5,1.85%,"30,000",-,,
5/3/2011,TOTL,Total Kenya,12.65,18,26.5,27,26.5,27,-0.5,1.89%,"2,500",-,,
5/4/2011,TOTL,Total Kenya,12.65,18,27,27.25,27,26.5,0.5,1.85%,"2,700",-,,
5/5/2011,TOTL,Total Kenya,12.65,18,26,27,26,27,-1,3.85%,"20,200",-,,
5/6/2011,TOTL,Total Kenya,12.65,18,26,26,26,26,-,-,"7,700",-,,
5/9/2011,TOTL,Total Kenya,12.65,18,26,26,26,26,-,-,100,-,,
5/10/2011,TOTL,Total Kenya,12.65,18,26,26.5,26,26,-,-,"6,400",-,,
5/11/2011,TOTL,Total Kenya,12.65,18,26,26,26,26,-,-,"4,700",-,,
5/12/2011,TOTL,Total Kenya,12.65,18,25,26,25.5,26,-0.5,1.96%,"16,000",-,,
5/13/2011,TOTL,Total Kenya,12.65,18,25.5,25.5,25.5,25.5,-,-,500,-,,
5/16/2011,TOTL,Total Kenya,12.65,18,25,26,25.5,25.5,-,-,"6,000",-,,
5/17/2011,TOTL,Total Kenya,12.65,18,25.5,26,25.5,25.5,-,-,"16,700",-,,
5/18/2011,TOTL,Total Kenya,12.65,18,25.5,26,25.5,25.5,-,-,"109,600",-,,
5/19/2011,TOTL,Total Kenya,12.65,18,25.5,26,25.5,25.5,-,-,"11,200",-,,
5/20/2011,TOTL,Total Kenya,12.65,18,25.75,26,25.75,25.5,0.25,0.97%,"2,100",-,,
5/23/2011,TOTL,Total Kenya,12.65,18,25.75,26,25.75,25.75,-,-,"14,200",-,,
5/24/2011,TOTL,Total Kenya,12.65,18,25.5,26,25.5,25.75,-0.25,0.98%,"8,300",-,,
5/25/2011,TOTL,Total Kenya,12.65,18,25.75,26,25.75,25.5,0.25,0.97%,"3,400",-,,
5/26/2011,TOTL,Total Kenya,12.65,18,25.75,26,25.75,25.75,-,-,"9,800",-,,
5/27/2011,TOTL,Total Kenya,12.65,18,25.75,26,25.75,25.75,-,-,"22,300",-,,
5/30/2011,TOTL,Total Kenya,12.65,18,25.75,26,25.75,25.75,-,-,"30,500",-,,
5/31/2011,TOTL,Total Kenya,12.65,18,25.5,26,25.5,25.75,-0.25,0.98%,"21,600",-,,
6/2/2011,TOTL,Total Kenya,12.65,18,25.5,26,25.75,25.5,0.25,0.97%,"22,900",-,,
6/3/2011,TOTL,Total Kenya,12.65,18,25.5,26,25.5,25.75,-0.25,0.98%,"7,600",-,,
6/6/2011,TOTL,Total Kenya,12.65,18,25.5,26,25.5,25.5,-,-,"24,900",-,,
6/7/2011,TOTL,Total Kenya,12.65,18,25.75,26,25.75,25.5,0.25,0.97%,"29,700",-,,
6/8/2011,TOTL,Total Kenya,12.65,18,26,26.25,26,25.75,0.25,0.96%,"3,500",-,,
6/9/2011,TOTL,Total Kenya,12.65,18,26.25,26.5,26.25,26,0.25,0.95%,"7,800",-,,
6/10/2011,TOTL,Total Kenya,12.65,18,25.75,26,25.75,26.25,-0.5,1.94%,"14,900",-,,
6/13/2011,TOTL,Total Kenya,12.65,18,25,25.75,25.25,25.75,-0.5,1.98%,"20,000",-,,
6/14/2011,TOTL,Total Kenya,12.65,18,25,25.25,25,25.25,-0.25,1.00%,"13,700",-,,
6/15/2011,TOTL,Total Kenya,12.65,18,25,25.25,25,25,-,-,"11,300",-,,
6/16/2011,TOTL,Total Kenya,12.65,18,25,25.5,25,25,-,-,"4,200",-,,
6/17/2011,TOTL,Total Kenya,12.65,18,24.5,25.25,24.75,25,-0.25,1.01%,"19,100",-,,
6/20/2011,TOTL,Total Kenya,12.65,18,25,25.25,25,24.75,0.25,1.00%,"3,300",-,,
6/21/2011,TOTL,Total Kenya,12.65,18,24.75,25.25,24.75,25,-0.25,1.01%,"28,300",-,,
6/22/2011,TOTL,Total Kenya,12.65,18,23.5,25.25,24.75,24.75,-,-,"11,700",-,,
6/23/2011,TOTL,Total Kenya,12.65,18,24.75,24.75,24.75,24.75,-,-,0,-,,
6/24/2011,TOTL,Total Kenya,12.65,18,25,25,25,24.75,0.25,1.00%,"5,700",-,,
6/27/2011,TOTL,Total Kenya,12.65,18,25,25,25,25,-,-,200,-,,
6/28/2011,TOTL,Total Kenya,12.65,18,23.5,24.75,24.5,25,-0.5,2.04%,"2,900",-,,
6/29/2011,TOTL,Total Kenya,12.65,18,23,24.5,23.5,24.5,-1,4.26%,"31,300",-,,
6/30/2011,TOTL,Total Kenya,12.65,18,22.25,24.75,23.5,23.5,-,-,"16,800",-,,
7/1/2011,TOTL,Total Kenya,12.65,18,23,24.75,23,23.5,-0.5,2.17%,"89,600",-,,
7/4/2011,TOTL,Total Kenya,12.65,18,23,25,24.5,23,1.5,6.12%,"64,400",-,,
7/5/2011,TOTL,Total Kenya,12.65,18,24,24.5,24.25,24.5,-0.25,1.03%,"6,100",-,,
7/6/2011,TOTL,Total Kenya,12.65,18,23,24,23.75,24.25,-0.5,2.11%,"5,700",-,,
7/7/2011,TOTL,Total Kenya,12.65,18,23,24,23,23.75,-0.75,3.26%,"65,100",-,,
7/11/2011,TOTL,Total Kenya,12.65,18,22.75,23,22.75,23,-0.25,1.10%,"9,100",-,,
7/12/2011,TOTL,Total Kenya,12.65,18,22.75,23,22.75,22.75,-,-,"17,700",-,,
7/13/2011,TOTL,Total Kenya,12.65,18,23,23,23,22.75,0.25,1.09%,"37,500",-,,
7/14/2011,TOTL,Total Kenya,12.65,18,22.75,23.25,22.75,23,-0.25,1.10%,"6,800",-,,
7/15/2011,TOTL,Total Kenya,12.65,18,22.75,23,22.75,22.75,-,-,"1,900",-,,
7/18/2011,TOTL,Total Kenya,12.65,18,23,23,23,22.75,0.25,1.09%,"6,700",-,,
7/19/2011,TOTL,Total Kenya,12.65,18,23,24,23.5,23,0.5,2.13%,"9,500",-,,
7/20/2011,TOTL,Total Kenya,12.65,18,23,25,24.25,23.5,0.75,3.09%,"3,200",-,,
7/21/2011,TOTL,Total Kenya,12.65,18,24,25,24.5,24.25,0.25,1.02%,"1,600",-,,
7/22/2011,TOTL,Total Kenya,12.65,18,23,25,23.5,24.5,-1,4.26%,"5,200",-,,
7/25/2011,TOTL,Total Kenya,12.65,18,23.5,23.5,23.5,23.5,-,-,"2,000",-,,
7/26/2011,TOTL,Total Kenya,12.65,18,24.75,24.75,24.75,23.5,1.25,5.05%,"3,100",-,,
7/27/2011,TOTL,Total Kenya,12.65,18,23,24.75,24.5,24.75,-0.25,1.02%,"10,800",-,,
7/28/2011,TOTL,Total Kenya,12.65,18,23,24.75,23,24.5,-1.5,6.52%,"8,300",-,,
7/29/2011,TOTL,Total Kenya,12.65,18,23,24.5,23.75,23,0.75,3.16%,"2,700",-,,
8/1/2011,TOTL,Total Kenya,12.65,18,23.25,24.5,23.25,23.75,-0.5,2.15%,"11,000",-,,
8/2/2011,TOTL,Total Kenya,12.65,18,23,23.25,23,23.25,-0.25,1.09%,"7,400",-,,
8/3/2011,TOTL,Total Kenya,12.65,18,24,24,24,23,1,4.17%,"4,000",-,,
8/4/2011,TOTL,Total Kenya,12.65,18,23.25,23.75,23.25,24,-0.75,3.23%,"27,200",-,,
8/5/2011,TOTL,Total Kenya,12.65,18,23,23.5,23,23.25,-0.25,1.09%,"44,200",-,,
8/8/2011,TOTL,Total Kenya,12.65,18,21.75,23,22,23,-1,4.55%,"39,400",-,,
8/9/2011,TOTL,Total Kenya,12.65,18,21.5,22,21.5,22,-0.5,2.33%,"15,400",-,,
8/10/2011,TOTL,Total Kenya,12.65,18,20,21,20.25,21.5,-1.25,6.17%,"5,500",-,,
8/11/2011,TOTL,Total Kenya,12.65,18,20.25,20.25,20.25,20.25,-,-,"10,400",-,,
8/12/2011,TOTL,Total Kenya,12.65,18,20.25,21,20.75,20.25,0.5,2.41%,"4,300",-,,
8/15/2011,TOTL,Total Kenya,12.65,18,20.5,20.75,20.5,20.75,-0.25,1.22%,"3,700",-,,
8/16/2011,TOTL,Total Kenya,12.65,18,20.75,22,21,20.5,0.5,2.38%,"5,500",-,,
8/17/2011,TOTL,Total Kenya,12.65,18,21,22,21,21,-,-,"2,700",-,,
8/18/2011,TOTL,Total Kenya,12.65,18,21.75,22,21.75,21,0.75,3.45%,"4,000",-,,
8/19/2011,TOTL,Total Kenya,12.65,18,21.75,22,21.75,21.75,-,-,"5,700",-,,
8/22/2011,TOTL,Total Kenya,12.65,18,22,22,22,21.75,0.25,1.14%,500,-,,
8/23/2011,TOTL,Total Kenya,12.65,18,21.75,23,21.75,22,-0.25,1.15%,"12,000",-,,
8/24/2011,TOTL,Total Kenya,12.65,18,22,23,22,21.75,0.25,1.14%,"11,900",-,,
8/25/2011,TOTL,Total Kenya,12.65,18,21.5,22,21.5,22,-0.5,2.33%,"10,200",-,,
8/26/2011,TOTL,Total Kenya,12.65,18,21.5,21.5,21.5,21.5,-,-,300,-,,
8/29/2011,TOTL,Total Kenya,12.65,18,20,21,20.25,21.5,-1.25,6.17%,"5,700",-,,
8/30/2011,TOTL,Total Kenya,12.65,18,20,20,20,20.25,-0.25,1.25%,"2,600",-,,
9/1/2011,TOTL,Total Kenya,12.65,18,19.05,20,19.65,20,-0.35,1.78%,"20,700",-,,
9/2/2011,TOTL,Total Kenya,12.65,18,19,20,19.9,19.65,0.25,1.26%,"1,100",-,,
9/5/2011,TOTL,Total Kenya,12.65,18,19.6,20,19.85,19.9,-0.05,0.25%,300,-,,
9/6/2011,TOTL,Total Kenya,12.65,18,19.7,19.95,19.8,19.85,-0.05,0.25%,"17,900",-,,
9/7/2011,TOTL,Total Kenya,12.65,18,19.8,19.8,19.8,19.8,-,-,"4,000",-,,
9/8/2011,TOTL,Total Kenya,12.65,18,19.85,19.95,19.9,19.8,0.1,0.50%,"1,600",-,,
9/9/2011,TOTL,Total Kenya,12.65,18,19.85,19.95,19.9,19.9,-,-,"1,100",-,,
9/12/2011,TOTL,Total Kenya,12.65,18,19.8,20,19.8,19.9,-0.1,0.51%,"16,500",-,,
9/13/2011,TOTL,Total Kenya,12.65,18,19.95,20,19.95,19.8,0.15,0.75%,"3,600",-,,
9/14/2011,TOTL,Total Kenya,12.65,18,19.9,19.95,19.9,19.95,-0.05,0.25%,"8,400",-,,
9/15/2011,TOTL,Total Kenya,12.65,18,19.85,19.95,19.9,19.9,-,-,"12,100",-,,
9/16/2011,TOTL,Total Kenya,12.65,18,19.5,19.95,19.55,19.9,-0.35,1.79%,"25,400",-,,
9/19/2011,TOTL,Total Kenya,12.65,18,19.2,19.95,19.85,19.55,0.3,1.51%,"4,200",-,,
9/20/2011,TOTL,Total Kenya,12.65,18,19,19.9,19,19.85,-0.85,4.47%,"7,100",-,,
9/21/2011,TOTL,Total Kenya,12.65,18,19,19.85,19.05,19,0.05,0.26%,"3,300",-,,
9/22/2011,TOTL,Total Kenya,12.65,18,19,19.05,19,19.05,-0.05,0.26%,"11,600",-,,
9/23/2011,TOTL,Total Kenya,12.65,18,19.1,19.1,19.1,19,0.1,0.52%,100,-,,
9/26/2011,TOTL,Total Kenya,12.65,18,18.75,19.45,18.85,19.1,-0.25,1.33%,"5,400",-,,
9/27/2011,TOTL,Total Kenya,12.65,18,18,18.5,18.15,18.85,-0.7,3.86%,"6,100",-,,
9/28/2011,TOTL,Total Kenya,12.65,18,18.45,18.45,18.45,18.15,0.3,1.63%,"14,900",-,,
9/29/2011,TOTL,Total Kenya,12.65,18,17,18.45,17.4,18.45,-1.05,6.03%,"7,300",-,,
9/30/2011,TOTL,Total Kenya,12.65,18,17,18,17.35,17.4,-0.05,0.29%,"5,200",-,,
10/3/2011,TOTL,Total Kenya,12.65,18,17.35,17.35,17.35,17.35,-,-,0,-,,
10/4/2011,TOTL,Total Kenya,12.65,18,16,17.9,16.75,17.35,-0.6,3.58%,"18,600",-,,
10/5/2011,TOTL,Total Kenya,12.65,18,16,16.5,16.35,16.75,-0.4,2.45%,"6,600",-,,
10/6/2011,TOTL,Total Kenya,12.65,18,16,16.3,16,16.35,-0.35,2.19%,"7,300",-,,
10/7/2011,TOTL,Total Kenya,12.65,18,16,16.75,16.15,16,0.15,0.93%,"2,800",-,,
10/10/2011,TOTL,Total Kenya,12.65,18,16,16.8,16.5,16.15,0.35,2.12%,"18,200",-,,
10/11/2011,TOTL,Total Kenya,12.65,18,16,16.3,16.05,16.5,-0.45,2.80%,"9,800",-,,
10/12/2011,TOTL,Total Kenya,12.65,18,16,16.8,16.2,16.05,0.15,0.93%,"6,700",-,,
10/13/2011,TOTL,Total Kenya,12.65,18,16.4,16.5,16.4,16.2,0.2,1.22%,600,-,,
10/14/2011,TOTL,Total Kenya,12.65,18,16.2,16.4,16.35,16.4,-0.05,0.31%,"7,400",-,,
10/17/2011,TOTL,Total Kenya,12.65,18,16.35,16.4,16.35,16.35,-,-,"2,100",-,,
10/18/2011,TOTL,Total Kenya,12.65,18,16.2,16.35,16.2,16.35,-0.15,0.93%,"2,400",-,,
10/19/2011,TOTL,Total Kenya,12.65,18,16.05,16.2,16.1,16.2,-0.1,0.62%,"2,400",-,,
10/21/2011,TOTL,Total Kenya,12.65,18,16.15,16.4,16.35,16.1,0.25,1.53%,"16,100",-,,
10/24/2011,TOTL,Total Kenya,12.65,18,16,16.2,16.05,16.35,-0.3,1.87%,"3,600",-,,
10/25/2011,TOTL,Total Kenya,12.65,18,15.5,16.4,15.95,16.05,-0.1,0.63%,"6,100",-,,
10/26/2011,TOTL,Total Kenya,12.65,18,15.75,16.35,16,15.95,0.05,0.31%,"6,700",-,,
10/27/2011,TOTL,Total Kenya,12.65,18,15.95,16.3,16.1,16,0.1,0.62%,"2,400",-,,
10/28/2011,TOTL,Total Kenya,12.65,18,16,16.2,16.05,16.1,-0.05,0.31%,"13,100",-,,
10/31/2011,TOTL,Total Kenya,12.65,18,16.4,16.5,16.4,16.05,0.35,2.13%,"6,400",-,,
11/1/2011,TOTL,Total Kenya,12.65,18,16.35,16.5,16.35,16.4,-0.05,0.31%,"8,100",-,,
11/2/2011,TOTL,Total Kenya,12.65,18,16.1,16.4,16.3,16.35,-0.05,0.31%,"11,700",-,,
11/3/2011,TOTL,Total Kenya,12.65,18,16,16.4,16.1,16.3,-0.2,1.24%,"13,800",-,,
11/4/2011,TOTL,Total Kenya,12.65,18,16.35,16.35,16.35,16.1,0.25,1.53%,"2,000",-,,
11/7/2011,TOTL,Total Kenya,12.65,18,16.1,16.35,16.1,16.35,-0.25,1.55%,"9,400",-,,
11/9/2011,TOTL,Total Kenya,12.65,18,16.35,16.35,16.35,16.1,0.25,1.53%,"7,400",-,,
11/10/2011,TOTL,Total Kenya,12.65,18,16,16.4,16.15,16.35,-0.2,1.24%,"5,900",-,,
11/11/2011,TOTL,Total Kenya,12.65,18,16.2,16.35,16.25,16.15,0.1,0.62%,"8,500",-,,
11/14/2011,TOTL,Total Kenya,12.65,18,16,16.25,16.05,16.25,-0.2,1.25%,"13,200",-,,
11/15/2011,TOTL,Total Kenya,12.65,18,16,16.25,16,16.05,-0.05,0.31%,"34,200",-,,
11/16/2011,TOTL,Total Kenya,12.65,18,16,16.25,16,16,-,-,"47,600",-,,
11/17/2011,TOTL,Total Kenya,12.65,18,15.9,16,15.9,16,-0.1,0.63%,"3,000",-,,
11/18/2011,TOTL,Total Kenya,12.65,18,16,16,16,15.9,0.1,0.63%,500,-,,
11/21/2011,TOTL,Total Kenya,12.65,18,15.5,15.9,15.55,16,-0.45,2.89%,"9,400",-,,
11/22/2011,TOTL,Total Kenya,12.65,18,15.7,15.8,15.7,15.55,0.15,0.96%,"25,400",-,,
11/23/2011,TOTL,Total Kenya,12.65,18,15.8,15.8,15.8,15.7,0.1,0.63%,"7,600",-,,
11/24/2011,TOTL,Total Kenya,12.65,18,15.8,15.8,15.8,15.8,-,-,"1,500",-,,
11/25/2011,TOTL,Total Kenya,12.65,18,15.8,16,15.85,15.8,0.05,0.32%,"2,600",-,,
11/28/2011,TOTL,Total Kenya,12.65,18,15.85,16,15.95,15.85,0.1,0.63%,"5,500",-,,
11/29/2011,TOTL,Total Kenya,12.65,18,15.8,16,15.95,15.95,-,-,400,-,,
11/30/2011,TOTL,Total Kenya,12.65,18,15.8,15.8,15.8,15.95,-0.15,0.95%,"2,500",-,,
12/1/2011,TOTL,Total Kenya,12.65,18,15.5,15.75,15.6,15.8,-0.2,1.28%,"2,200",-,,
12/2/2011,TOTL,Total Kenya,12.65,18,15,15.5,15,15.6,-0.6,4.00%,"7,600",-,,
12/5/2011,TOTL,Total Kenya,12.65,18,14.5,15,14.9,15,-0.1,0.67%,"2,100",-,,
12/6/2011,TOTL,Total Kenya,12.65,18,14.8,15.5,14.85,14.9,-0.05,0.34%,"44,100",-,,
12/7/2011,TOTL,Total Kenya,12.65,18,13.7,14.85,14.5,14.85,-0.35,2.41%,"19,000",-,,
12/8/2011,TOTL,Total Kenya,12.65,18,14.7,15,14.9,14.5,0.4,2.68%,"3,700",-,,
12/9/2011,TOTL,Total Kenya,12.65,18,14.5,15,14.5,14.9,-0.4,2.76%,"8,400",-,,
12/13/2011,TOTL,Total Kenya,12.65,18,14.5,14.5,14.5,14.5,-,-,"2,700",-,,
12/14/2011,TOTL,Total Kenya,12.65,18,14.5,15,14.7,14.5,0.2,1.36%,"2,700",-,,
12/15/2011,TOTL,Total Kenya,12.65,18,14.5,14.6,14.5,14.7,-0.2,1.38%,"2,800",-,,
12/16/2011,TOTL,Total Kenya,12.65,18,14.25,14.5,14.35,14.5,-0.15,1.05%,"1,300",-,,
12/19/2011,TOTL,Total Kenya,12.65,18,14.4,14.5,14.45,14.35,0.1,0.69%,"3,700",-,,
12/20/2011,TOTL,Total Kenya,12.65,18,14.5,15,14.5,14.45,0.05,0.34%,"16,300",-,,
12/21/2011,TOTL,Total Kenya,12.65,18,14.6,15,14.6,14.5,0.1,0.68%,"1,600",-,,
12/22/2011,TOTL,Total Kenya,12.65,18,14.6,15,14.8,14.6,0.2,1.35%,200,-,,
12/23/2011,TOTL,Total Kenya,12.65,18,14.8,14.8,14.8,14.8,-,-,0,-,,
12/27/2011,TOTL,Total Kenya,12.65,18,14.4,14.5,14.45,14.8,-0.35,2.42%,"10,700",-,,
12/28/2011,TOTL,Total Kenya,12.65,18,14.45,14.5,14.45,14.45,-,-,"63,900",-,,
12/29/2011,TOTL,Total Kenya,12.65,18,14.5,15,14.9,14.45,0.45,3.02%,"2,600",-,,
12/30/2011,TOTL,Total Kenya,12.65,18,14.6,15,14.75,14.9,-0.15,1.02%,"7,700",-,,
1/2/2007,TOTL,Total Kenya,12.65,18,33,35,34.5,34.25,0.25,0.72%,800,-,,
1/3/2007,TOTL,Total Kenya,12.65,18,34.5,36,35,34.5,0.5,1.43%,"1,400",-,,
1/4/2007,TOTL,Total Kenya,12.65,18,33,36,35.75,35,0.75,2.10%,"26,900",-,,
1/5/2007,TOTL,Total Kenya,12.65,18,34,36.5,35.75,35.75,-,-,"31,000",-,,
1/8/2007,TOTL,Total Kenya,12.65,18,34,37,35.75,35.75,-,-,"36,800",-,,
1/9/2007,TOTL,Total Kenya,12.65,18,34,37,35.5,35.75,-0.25,0.70%,"75,700",-,,
1/10/2007,TOTL,Total Kenya,12.65,18,36,37.5,36.75,35.5,1.25,3.40%,"74,700",-,,
1/11/2007,TOTL,Total Kenya,12.65,18,37,39,37.25,36.75,0.5,1.34%,"86,700",-,,
1/12/2007,TOTL,Total Kenya,12.65,18,37,38.25,37,37.25,-0.25,0.68%,"73,200",-,,
1/15/2007,TOTL,Total Kenya,12.65,18,35.5,37,36.5,37,-0.5,1.37%,"66,000",-,,
1/16/2007,TOTL,Total Kenya,12.65,18,33,37,35.25,36.5,-1.25,3.55%,"74,700",-,,
1/17/2007,TOTL,Total Kenya,12.65,18,34,37,35.5,35.25,0.25,0.70%,"14,100",-,,
1/18/2007,TOTL,Total Kenya,12.65,18,35,36,35.5,35.5,-,-,"27,200",-,,
1/19/2007,TOTL,Total Kenya,12.65,18,35,36,35,35.5,-0.5,1.43%,"52,400",-,,
1/22/2007,TOTL,Total Kenya,12.65,18,35,36,35.25,35,0.25,0.71%,"71,700",-,,
1/23/2007,TOTL,Total Kenya,12.65,18,34,36,35.75,35.25,0.5,1.40%,"8,500",-,,
1/24/2007,TOTL,Total Kenya,12.65,18,34,36,35.25,35.75,-0.5,1.42%,"36,800",-,,
1/25/2007,TOTL,Total Kenya,12.65,18,35,36,35,35.25,-0.25,0.71%,"54,100",-,,
1/26/2007,TOTL,Total Kenya,12.65,18,32.75,36,34.25,35,-0.75,2.19%,"52,700",-,,
1/29/2007,TOTL,Total Kenya,12.65,18,34,35,34.75,34.25,0.5,1.44%,"21,400",-,,
1/30/2007,TOTL,Total Kenya,12.65,18,34,34.5,34,34.75,-0.75,2.21%,"34,700",-,,
1/31/2007,TOTL,Total Kenya,12.65,18,32.5,34,33,34,-1,3.03%,"25,200",-,,
2/1/2007,TOTL,Total Kenya,12.65,18,33,34,33.75,33,0.75,2.22%,"8,100",-,,
2/2/2007,TOTL,Total Kenya,12.65,18,30.75,33.75,32.75,33.75,-1,3.05%,"5,400",-,,
2/5/2007,TOTL,Total Kenya,12.65,18,32,34,33,32.75,0.25,0.76%,"26,300",-,,
2/6/2007,TOTL,Total Kenya,12.65,18,31,33,32.5,33,-0.5,1.54%,"20,700",-,,
2/7/2007,TOTL,Total Kenya,12.65,18,32,34,32.75,32.5,0.25,0.76%,"26,700",-,,
2/8/2007,TOTL,Total Kenya,12.65,18,30,33.5,32.75,32.75,-,-,"23,000",-,,
2/9/2007,TOTL,Total Kenya,12.65,18,33,34,33.5,32.75,0.75,2.24%,"29,300",-,,
2/12/2007,TOTL,Total Kenya,12.65,18,32.25,34,33.25,33.5,-0.25,0.75%,"57,200",-,,
2/13/2007,TOTL,Total Kenya,12.65,18,32,36.5,33,33.25,-0.25,0.76%,"66,900",-,,
2/14/2007,TOTL,Total Kenya,12.65,18,32.75,33,32.75,33,-0.25,0.76%,"10,400",-,,
2/15/2007,TOTL,Total Kenya,12.65,18,32.5,33,32.5,32.75,-0.25,0.77%,"5,400",-,,
2/16/2007,TOTL,Total Kenya,12.65,18,31.5,32.5,31.75,32.5,-0.75,2.36%,"3,900",-,,
2/19/2007,TOTL,Total Kenya,12.65,18,31.5,32,31.5,31.75,-0.25,0.79%,"25,600",-,,
2/20/2007,TOTL,Total Kenya,12.65,18,30,31.5,31,31.5,-0.5,1.61%,"7,200",-,,
2/21/2007,TOTL,Total Kenya,12.65,18,30,30.5,30,31,-1,3.33%,"50,700",-,,
2/22/2007,TOTL,Total Kenya,12.65,18,29,32,30,30,-,-,"119,100",-,,
2/23/2007,TOTL,Total Kenya,12.65,18,29,30,29.75,30,-0.25,0.84%,"16,800",-,,
2/26/2007,TOTL,Total Kenya,12.65,18,29,30,29.5,29.75,-0.25,0.85%,"8,600",-,,
2/27/2007,TOTL,Total Kenya,12.65,18,29,30,29.75,29.5,0.25,0.84%,"56,300",-,,
2/28/2007,TOTL,Total Kenya,12.65,18,29,30,29,29.75,-0.75,2.59%,"60,900",-,,
3/1/2007,TOTL,Total Kenya,12.65,18,28,30,28.75,29,-0.25,0.87%,"17,300",-,,
3/2/2007,TOTL,Total Kenya,12.65,18,29,29.5,29,28.75,0.25,0.86%,"10,200",-,,
3/5/2007,TOTL,Total Kenya,12.65,18,29.5,30,29.5,29,0.5,1.69%,"128,200",-,,
3/6/2007,TOTL,Total Kenya,12.65,18,30,33,31.75,29.5,2.25,7.09%,"4,400",-,,
3/7/2007,TOTL,Total Kenya,12.65,18,29,30,29.25,31.75,-2.5,8.55%,"218,800",-,,
3/8/2007,TOTL,Total Kenya,12.65,18,29,30,29.25,29.25,-,-,"16,700",-,,
3/9/2007,TOTL,Total Kenya,12.65,18,29.5,29.5,29.5,29.25,0.25,0.85%,"87,600",-,,
3/12/2007,TOTL,Total Kenya,12.65,18,29,30,29.25,29.5,-0.25,0.85%,"4,400",-,,
3/13/2007,TOTL,Total Kenya,12.65,18,29.5,30,29.75,29.25,0.5,1.68%,"18,200",-,,
3/14/2007,TOTL,Total Kenya,12.65,18,27,30,28.25,29.75,-1.5,5.31%,"21,900",-,,
3/15/2007,TOTL,Total Kenya,12.65,18,28,32,29.25,28.25,1,3.42%,"268,400",-,,
3/16/2007,TOTL,Total Kenya,12.65,18,28,30,28,29.25,-1.25,4.46%,"77,700",-,,
3/19/2007,TOTL,Total Kenya,12.65,18,28,30,29.25,28,1.25,4.27%,"3,900",-,,
3/20/2007,TOTL,Total Kenya,12.65,18,29.25,30,29.75,29.25,0.5,1.68%,"9,300",-,,
3/21/2007,TOTL,Total Kenya,12.65,18,29,29.5,29,29.75,-0.75,2.59%,"13,500",-,,
3/22/2007,TOTL,Total Kenya,12.65,18,27,29.5,28.25,29,-0.75,2.65%,"23,700",-,,
3/23/2007,TOTL,Total Kenya,12.65,18,28.5,30,28.75,28.25,0.5,1.74%,"12,800",-,,
3/26/2007,TOTL,Total Kenya,12.65,18,29,30,29.5,28.75,0.75,2.54%,"38,900",-,,
3/27/2007,TOTL,Total Kenya,12.65,18,30,30,30,29.5,0.5,1.67%,"61,000",-,,
3/28/2007,TOTL,Total Kenya,12.65,18,29,30,29.75,30,-0.25,0.84%,"180,700",-,,
3/29/2007,TOTL,Total Kenya,12.65,18,29,30,29.75,29.75,-,-,"110,100",-,,
3/30/2007,TOTL,Total Kenya,12.65,18,32,32,32,29.75,2.25,7.03%,"30,000",-,,
4/2/2007,TOTL,Total Kenya,12.65,18,32,33.5,32.5,32,0.5,1.54%,"31,200",-,,
4/3/2007,TOTL,Total Kenya,12.65,18,30,33,32.5,32.5,-,-,"34,400",-,,
4/4/2007,TOTL,Total Kenya,12.65,18,32.5,33,32.75,32.5,0.25,0.76%,"9,900",-,,
4/5/2007,TOTL,Total Kenya,12.65,18,32,33,32.75,32.75,-,-,"6,700",-,,
4/10/2007,TOTL,Total Kenya,12.65,18,32,33,32.75,32.75,-,-,"11,500",-,,
4/11/2007,TOTL,Total Kenya,12.65,18,32,33,32.75,32.75,-,-,"19,400",-,,
4/12/2007,TOTL,Total Kenya,12.65,18,31,33.75,32.25,32.75,-0.5,1.55%,"25,300",-,,
4/13/2007,TOTL,Total Kenya,12.65,18,33,33.75,33,32.25,0.75,2.27%,"82,600",-,,
4/16/2007,TOTL,Total Kenya,12.65,18,30,32,31.75,33,-1.25,3.94%,"16,600",-,,
4/17/2007,TOTL,Total Kenya,12.65,18,32,32,32,31.75,0.25,0.78%,"30,200",-,,
4/18/2007,TOTL,Total Kenya,12.65,18,31,32,31.5,32,-0.5,1.59%,"15,000",-,,
4/19/2007,TOTL,Total Kenya,12.65,18,30,31,30.75,31.5,-0.75,2.44%,"14,000",-,,
4/20/2007,TOTL,Total Kenya,12.65,18,31,33,31.5,30.75,0.75,2.38%,"29,100",-,,
4/23/2007,TOTL,Total Kenya,12.65,18,30,33,31,31.5,-0.5,1.61%,"9,900",-,,
4/24/2007,TOTL,Total Kenya,12.65,18,30.25,33.25,32.75,31,1.75,5.34%,"22,300",-,,
4/25/2007,TOTL,Total Kenya,12.65,18,30,33.5,32.5,32.75,-0.25,0.77%,"36,400",-,,
4/26/2007,TOTL,Total Kenya,12.65,18,31.5,34,33,32.5,0.5,1.52%,"70,400",-,,
4/27/2007,TOTL,Total Kenya,12.65,18,31.25,33.25,32.75,33,-0.25,0.76%,"9,800",-,,
4/30/2007,TOTL,Total Kenya,12.65,18,31,34,33.5,32.75,0.75,2.24%,"10,000",-,,
5/2/2007,TOTL,Total Kenya,12.65,18,31.25,33.5,31.5,33.5,-2,6.35%,"6,500",-,,
5/3/2007,TOTL,Total Kenya,12.65,18,31.5,33,32,31.5,0.5,1.56%,"44,800",-,,
5/4/2007,TOTL,Total Kenya,12.65,18,29,33,30.25,32,-1.75,5.79%,"58,400",-,,
5/7/2007,TOTL,Total Kenya,12.65,18,31,32,31.75,30.25,1.5,4.72%,"76,200",-,,
5/8/2007,TOTL,Total Kenya,12.65,18,31.5,33,31.75,31.75,-,-,"12,700",-,,
5/9/2007,TOTL,Total Kenya,12.65,18,31,33,32.75,31.75,1,3.05%,"265,200",-,,
5/10/2007,TOTL,Total Kenya,12.65,18,32.25,33,32.75,32.75,-,-,"6,200",-,,
5/11/2007,TOTL,Total Kenya,12.65,18,31,32.75,32.25,32.75,-0.5,1.55%,"84,200",-,,
5/14/2007,TOTL,Total Kenya,12.65,18,31.5,34,32.5,32.25,0.25,0.77%,"10,000",-,,
5/15/2007,TOTL,Total Kenya,12.65,18,32.25,35,33.5,32.5,1,2.99%,"16,800",-,,
5/16/2007,TOTL,Total Kenya,12.65,18,33,34,33,33.5,-0.5,1.52%,"99,200",-,,
5/17/2007,TOTL,Total Kenya,12.65,18,32,34,32.5,33,-0.5,1.54%,"56,600",-,,
5/18/2007,TOTL,Total Kenya,12.65,18,32.25,33,32.75,32.5,0.25,0.76%,"32,600",-,,
5/21/2007,TOTL,Total Kenya,12.65,18,32,33.75,32,32.75,-0.75,2.34%,"67,700",-,,
5/22/2007,TOTL,Total Kenya,12.65,18,32,33,32,32,-,-,"54,100",-,,
5/23/2007,TOTL,Total Kenya,12.65,18,30.5,33,31.75,32,-0.25,0.79%,"6,300",-,,
5/24/2007,TOTL,Total Kenya,12.65,18,32,32.5,32.25,31.75,0.5,1.55%,"74,000",-,,
5/25/2007,TOTL,Total Kenya,12.65,18,32.5,34,33.75,32.25,1.5,4.44%,"39,500",-,,
5/28/2007,TOTL,Total Kenya,12.65,18,34,36,34,33.75,0.25,0.74%,"181,300",-,,
5/29/2007,TOTL,Total Kenya,12.65,18,33,35,34,34,-,-,"44,500",-,,
5/30/2007,TOTL,Total Kenya,12.65,18,31,32,31,34,-3,9.68%,"11,700",-,,
5/31/2007,TOTL,Total Kenya,12.65,18,29,32,30,31,-1,3.33%,"80,500",-,,
6/4/2007,TOTL,Total Kenya,12.65,18,29.5,32.25,31.5,30,1.5,4.76%,"22,300",-,,
6/5/2007,TOTL,Total Kenya,12.65,18,29.5,33,32.5,31.5,1,3.08%,"31,600",-,,
6/6/2007,TOTL,Total Kenya,12.65,18,30,30,30,32.5,-2.5,8.33%,"5,500",-,,
6/7/2007,TOTL,Total Kenya,12.65,18,29,30,29.5,30,-0.5,1.69%,"7,400",-,,
6/8/2007,TOTL,Total Kenya,12.65,18,29,30,29.75,29.5,0.25,0.84%,"106,100",-,,
6/11/2007,TOTL,Total Kenya,12.65,18,29.25,29.75,29.25,29.75,-0.5,1.71%,"6,600",-,,
6/12/2007,TOTL,Total Kenya,12.65,18,29.5,30,29.5,29.25,0.25,0.85%,"47,100",-,,
6/13/2007,TOTL,Total Kenya,12.65,18,29.5,31,29.75,29.5,0.25,0.84%,"59,900",-,,
6/14/2007,TOTL,Total Kenya,12.65,18,29,31,30,29.75,0.25,0.83%,"63,000",-,,
6/15/2007,TOTL,Total Kenya,12.65,18,30,31,30.5,30,0.5,1.64%,"12,100",-,,
6/18/2007,TOTL,Total Kenya,12.65,18,28,32,30,30.5,-0.5,1.67%,"18,600",-,,
6/19/2007,TOTL,Total Kenya,12.65,18,29.25,31.75,29.75,30,-0.25,0.84%,"42,700",-,,
6/20/2007,TOTL,Total Kenya,12.65,18,30,31,30,29.75,0.25,0.83%,"31,100",-,,
6/21/2007,TOTL,Total Kenya,12.65,18,30,31.5,30,30,-,-,"38,800",-,,
6/22/2007,TOTL,Total Kenya,12.65,18,29,33,30.5,30,0.5,1.64%,"69,800",-,,
6/25/2007,TOTL,Total Kenya,12.65,18,29,32,30.75,30.5,0.25,0.81%,"43,900",-,,
6/26/2007,TOTL,Total Kenya,12.65,18,30,31,30,30.75,-0.75,2.50%,"53,900",-,,
6/27/2007,TOTL,Total Kenya,12.65,18,27,30,28,30,-2,7.14%,"86,300",-,,
6/28/2007,TOTL,Total Kenya,12.65,18,29.75,30,29.75,28,1.75,5.88%,"48,900",-,,
6/29/2007,TOTL,Total Kenya,12.65,18,29.25,30,29.5,29.75,-0.25,0.85%,"14,700",-,,
7/2/2007,TOTL,Total Kenya,12.65,18,29,31,29,29.5,-0.5,1.72%,"74,000",-,,
7/3/2007,TOTL,Total Kenya,12.65,18,28.25,30,28.75,29,-0.25,0.87%,"48,600",-,,
7/4/2007,TOTL,Total Kenya,12.65,18,30,30,30,28.75,1.25,4.17%,"4,000",-,,
7/5/2007,TOTL,Total Kenya,12.65,18,28,30,29.5,30,-0.5,1.69%,"34,100",-,,
7/6/2007,TOTL,Total Kenya,12.65,18,29,30,29.25,29.5,-0.25,0.85%,"35,500",-,,
7/9/2007,TOTL,Total Kenya,12.65,18,29.25,30,29.75,29.25,0.5,1.68%,"4,100",-,,
7/10/2007,TOTL,Total Kenya,12.65,18,29.5,30,29.75,29.75,-,-,"9,100",-,,
7/11/2007,TOTL,Total Kenya,12.65,18,29,29.5,29.25,29.75,-0.5,1.71%,"36,300",-,,
7/12/2007,TOTL,Total Kenya,12.65,18,29,30,29,29.25,-0.25,0.86%,"56,400",-,,
7/13/2007,TOTL,Total Kenya,12.65,18,28.75,30,29,29,-,-,"57,300",-,,
7/16/2007,TOTL,Total Kenya,12.65,18,29,29.25,29,29,-,-,"9,700",-,,
7/17/2007,TOTL,Total Kenya,12.65,18,28.75,30,28.75,29,-0.25,0.87%,"20,800",-,,
7/19/2007,TOTL,Total Kenya,12.65,18,29.5,30,29.75,28.75,1,3.36%,"94,300",-,,
7/20/2007,TOTL,Total Kenya,12.65,18,28.5,30,29.75,29.75,-,-,"12,500",-,,
7/23/2007,TOTL,Total Kenya,12.65,18,29,30,29.75,29.75,-,-,"43,700",-,,
7/24/2007,TOTL,Total Kenya,12.65,18,29.75,32.5,31.75,29.75,2,6.30%,"87,400",-,,
7/25/2007,TOTL,Total Kenya,12.65,18,32.25,34,33,31.75,1.25,3.79%,"32,000",-,,
7/26/2007,TOTL,Total Kenya,12.65,18,32,33.5,33,33,-,-,"9,800",-,,
7/27/2007,TOTL,Total Kenya,12.65,18,30.25,33,32.5,33,-0.5,1.54%,"10,300",-,,
7/30/2007,TOTL,Total Kenya,12.65,18,30,32.5,31.25,32.5,-1.25,4.00%,"28,600",-,,
7/31/2007,TOTL,Total Kenya,12.65,18,30,33,31.25,31.25,-,-,"17,600",-,,
8/1/2007,TOTL,Total Kenya,12.65,18,32.5,32.5,32.5,31.25,1.25,3.85%,500,-,,
8/2/2007,TOTL,Total Kenya,12.65,18,29.25,32.5,30.25,32.5,-2.25,7.44%,"20,900",-,,
8/3/2007,TOTL,Total Kenya,12.65,18,31.5,32,31.5,30.25,1.25,3.97%,"4,000",-,,
8/6/2007,TOTL,Total Kenya,12.65,18,29,32,31.25,31.5,-0.25,0.80%,"7,500",-,,
8/7/2007,TOTL,Total Kenya,12.65,18,31.5,32,31.5,31.25,0.25,0.79%,"12,000",-,,
8/8/2007,TOTL,Total Kenya,12.65,18,29.25,31,29.75,31.5,-1.75,5.88%,"18,500",-,,
8/9/2007,TOTL,Total Kenya,12.65,18,29.75,31.5,30,29.75,0.25,0.83%,"2,300",-,,
8/10/2007,TOTL,Total Kenya,12.65,18,31,31.25,31,30,1,3.23%,"11,400",-,,
8/13/2007,TOTL,Total Kenya,12.65,18,29,31,29.25,31,-1.75,5.98%,"46,500",-,,
8/14/2007,TOTL,Total Kenya,12.65,18,29.5,31,30.75,29.25,1.5,4.88%,"11,400",-,,
8/15/2007,TOTL,Total Kenya,12.65,18,29,31,30.25,30.75,-0.5,1.65%,"22,100",-,,
8/16/2007,TOTL,Total Kenya,12.65,18,29.25,31,30.25,30.25,-,-,"27,900",-,,
8/17/2007,TOTL,Total Kenya,12.65,18,29.25,31,30.25,30.25,-,-,"11,900",-,,
8/20/2007,TOTL,Total Kenya,12.65,18,30.5,31,30.5,30.25,0.25,0.82%,"13,000",-,,
8/21/2007,TOTL,Total Kenya,12.65,18,29.25,31,29.75,30.5,-0.75,2.52%,"66,400",-,,
8/22/2007,TOTL,Total Kenya,12.65,18,29.25,32,30.5,29.75,0.75,2.46%,"66,600",-,,
8/23/2007,TOTL,Total Kenya,12.65,18,29.5,31.5,29.75,30.5,-0.75,2.52%,"23,900",-,,
8/24/2007,TOTL,Total Kenya,12.65,18,28.5,31.5,29.75,29.75,-,-,"60,700",-,,
8/27/2007,TOTL,Total Kenya,12.65,18,30.5,31,30.75,29.75,1,3.25%,"5,700",-,,
8/28/2007,TOTL,Total Kenya,12.65,18,30.75,31.5,31.25,30.75,0.5,1.60%,"9,200",-,,
8/29/2007,TOTL,Total Kenya,12.65,18,31.25,31.25,31.25,31.25,-,-,"2,000",-,,
8/30/2007,TOTL,Total Kenya,12.65,18,29.5,32,30.75,31.25,-0.5,1.63%,"22,500",-,,
8/31/2007,TOTL,Total Kenya,12.65,18,29,31,30,30.75,-0.75,2.50%,"7,100",-,,
9/3/2007,TOTL,Total Kenya,12.65,18,30,31,30.75,30,0.75,2.44%,"2,800",-,,
9/4/2007,TOTL,Total Kenya,12.65,18,29.5,31.5,30.5,30.75,-0.25,0.82%,"23,800",-,,
9/5/2007,TOTL,Total Kenya,12.65,18,30,32,30.25,30.5,-0.25,0.83%,"96,900",-,,
9/6/2007,TOTL,Total Kenya,12.65,18,30,31,30,30.25,-0.25,0.83%,"52,700",-,,
9/7/2007,TOTL,Total Kenya,12.65,18,31,31.75,31,30,1,3.23%,"48,800",-,,
9/10/2007,TOTL,Total Kenya,12.65,18,30,31.5,30,31,-1,3.33%,"45,600",-,,
9/11/2007,TOTL,Total Kenya,12.65,18,30,31.5,30.75,30,0.75,2.44%,"64,200",-,,
9/12/2007,TOTL,Total Kenya,12.65,18,31,31.5,31.25,30.75,0.5,1.60%,"4,500",-,,
9/13/2007,TOTL,Total Kenya,12.65,18,30.75,31.5,31,31.25,-0.25,0.81%,"4,800",-,,
9/14/2007,TOTL,Total Kenya,12.65,18,30,31.5,30.75,31,-0.25,0.81%,"13,400",-,,
9/17/2007,TOTL,Total Kenya,12.65,18,30,31.5,30.75,30.75,-,-,"20,300",-,,
9/18/2007,TOTL,Total Kenya,12.65,18,29.5,31.5,31,30.75,0.25,0.81%,"5,300",-,,
9/19/2007,TOTL,Total Kenya,12.65,18,30,32,31,31,-,-,"42,400",-,,
9/20/2007,TOTL,Total Kenya,12.65,18,31,32,31,31,-,-,"5,400",-,,
9/21/2007,TOTL,Total Kenya,12.65,18,31,31,31,31,-,-,"6,900",-,,
9/24/2007,TOTL,Total Kenya,12.65,18,30,31,30.75,31,-0.25,0.81%,"14,800",-,,
9/25/2007,TOTL,Total Kenya,12.65,18,29.25,31,30,30.75,-0.75,2.50%,"33,000",-,,
9/26/2007,TOTL,Total Kenya,12.65,18,29,31,30,30,-,-,"47,500",-,,
9/27/2007,TOTL,Total Kenya,12.65,18,29,30,29.25,30,-0.75,2.56%,"37,700",-,,
9/28/2007,TOTL,Total Kenya,12.65,18,29,30,29.25,29.25,-,-,"18,100",-,,
10/1/2007,TOTL,Total Kenya,12.65,18,28.25,29.5,28.75,29.25,-0.5,1.74%,"91,200",-,,
10/2/2007,TOTL,Total Kenya,12.65,18,28.75,29.5,28.75,28.75,-,-,"17,800",-,,
10/3/2007,TOTL,Total Kenya,12.65,18,29,30,29,28.75,0.25,0.86%,"27,200",-,,
10/4/2007,TOTL,Total Kenya,12.65,18,28,30,28.75,29,-0.25,0.87%,"88,000",-,,
10/5/2007,TOTL,Total Kenya,12.65,18,28,28.75,28.5,28.75,-0.25,0.88%,"18,400",-,,
10/8/2007,TOTL,Total Kenya,12.65,18,28,29,28,28.5,-0.5,1.79%,"32,000",-,,
10/9/2007,TOTL,Total Kenya,12.65,18,26,27.5,27.25,28,-0.75,2.75%,600,-,,
10/11/2007,TOTL,Total Kenya,12.65,18,26.25,28,26.75,27.25,-0.5,1.87%,"40,000",-,,
10/12/2007,TOTL,Total Kenya,12.65,18,27,28,27,26.75,0.25,0.93%,"24,100",-,,
10/15/2007,TOTL,Total Kenya,12.65,18,27,28,27.25,27,0.25,0.92%,"16,700",-,,
10/16/2007,TOTL,Total Kenya,12.65,18,28,29,28,27.25,0.75,2.68%,"17,600",-,,
10/17/2007,TOTL,Total Kenya,12.65,18,29,29.5,29,28,1,3.45%,"6,800",-,,
10/18/2007,TOTL,Total Kenya,12.65,18,27,30.5,28.25,29,-0.75,2.65%,"47,800",-,,
10/19/2007,TOTL,Total Kenya,12.65,18,29,29.5,29,28.25,0.75,2.59%,"1,100",-,,
10/22/2007,TOTL,Total Kenya,12.65,18,28,31,30,29,1,3.33%,"8,700",-,,
10/23/2007,TOTL,Total Kenya,12.65,18,28.5,30,29,30,-1,3.45%,"15,600",-,,
10/24/2007,TOTL,Total Kenya,12.65,18,28.5,29,28.5,29,-0.5,1.75%,"1,000",-,,
10/25/2007,TOTL,Total Kenya,12.65,18,28,29,28.5,28.5,-,-,"15,600",-,,
10/26/2007,TOTL,Total Kenya,12.65,18,28.75,29,28.75,28.5,0.25,0.87%,"10,800",-,,
10/29/2007,TOTL,Total Kenya,12.65,18,27,29,27.5,28.75,-1.25,4.55%,"26,400",-,,
10/30/2007,TOTL,Total Kenya,12.65,18,27,29,27.75,27.5,0.25,0.90%,"11,800",-,,
10/31/2007,TOTL,Total Kenya,12.65,18,28,29,28,27.75,0.25,0.89%,"27,200",-,,
11/1/2007,TOTL,Total Kenya,12.65,18,27.25,28.5,28,28,-,-,"11,700",-,,
11/2/2007,TOTL,Total Kenya,12.65,18,28,29,28,28,-,-,"14,000",-,,
11/5/2007,TOTL,Total Kenya,12.65,18,28,29,28.75,28,0.75,2.61%,"17,800",-,,
11/6/2007,TOTL,Total Kenya,12.65,18,29,30,29.75,28.75,1,3.36%,"14,600",-,,
11/7/2007,TOTL,Total Kenya,12.65,18,29.25,31,29.25,29.75,-0.5,1.71%,"68,700",-,,
11/8/2007,TOTL,Total Kenya,12.65,18,30,31,30.25,29.25,1,3.31%,"16,900",-,,
11/9/2007,TOTL,Total Kenya,12.65,18,29,30,29.5,30.25,-0.75,2.54%,"79,600",-,,
11/12/2007,TOTL,Total Kenya,12.65,18,29.25,30,29.25,29.5,-0.25,0.85%,"4,400",-,,
11/13/2007,TOTL,Total Kenya,12.65,18,30,31,30.25,29.25,1,3.31%,"53,600",-,,
11/14/2007,TOTL,Total Kenya,12.65,18,29.5,30.5,30,30.25,-0.25,0.83%,"26,800",-,,
11/15/2007,TOTL,Total Kenya,12.65,18,29,31,30,30,-,-,"5,400",-,,
11/16/2007,TOTL,Total Kenya,12.65,18,30.5,30.5,30.5,30,0.5,1.64%,200,-,,
11/19/2007,TOTL,Total Kenya,12.65,18,30,30.5,30.25,30.5,-0.25,0.83%,"6,100",-,,
11/20/2007,TOTL,Total Kenya,12.65,18,30,30.5,30,30.25,-0.25,0.83%,"19,100",-,,
11/21/2007,TOTL,Total Kenya,12.65,18,29.5,30.5,29.75,30,-0.25,0.84%,"29,600",-,,
11/22/2007,TOTL,Total Kenya,12.65,18,28,30,29,29.75,-0.75,2.59%,"33,100",-,,
11/23/2007,TOTL,Total Kenya,12.65,18,29.5,30,29.75,29,0.75,2.52%,"7,000",-,,
11/26/2007,TOTL,Total Kenya,12.65,18,29,31,30.25,29.75,0.5,1.65%,"8,700",-,,
11/27/2007,TOTL,Total Kenya,12.65,18,30,31,30,30.25,-0.25,0.83%,"21,900",-,,
11/28/2007,TOTL,Total Kenya,12.65,18,29,31,30,30,-,-,"51,500",-,,
11/29/2007,TOTL,Total Kenya,12.65,18,29,30,29.75,30,-0.25,0.84%,"26,000",-,,
11/30/2007,TOTL,Total Kenya,12.65,18,29,30,29.75,29.75,-,-,"45,500",-,,
12/3/2007,TOTL,Total Kenya,12.65,18,29,30,29.25,29.75,-0.5,1.71%,"10,900",-,,
12/4/2007,TOTL,Total Kenya,12.65,18,28.5,30,29.25,29.25,-,-,"82,700",-,,
12/5/2007,TOTL,Total Kenya,12.65,18,29,30,29.75,29.25,0.5,1.68%,"85,400",-,,
12/6/2007,TOTL,Total Kenya,12.65,18,29.5,30,29.75,29.75,-,-,"12,500",-,,
12/7/2007,TOTL,Total Kenya,12.65,18,29,30,29.75,29.75,-,-,"50,400",-,,
12/10/2007,TOTL,Total Kenya,12.65,18,29.5,30,29.75,29.75,-,-,"19,900",-,,
12/11/2007,TOTL,Total Kenya,12.65,18,29.75,31,30.25,29.75,0.5,1.65%,"16,000",-,,
12/13/2007,TOTL,Total Kenya,12.65,18,30,30.5,30,30.25,-0.25,0.83%,"126,500",-,,
12/14/2007,TOTL,Total Kenya,12.65,18,29.5,31,30,30,-,-,"71,200",-,,
12/17/2007,TOTL,Total Kenya,12.65,18,28,31,30.25,30,0.25,0.83%,"28,000",-,,
12/18/2007,TOTL,Total Kenya,12.65,18,30,33,32,30.25,1.75,5.47%,"64,900",-,,
12/20/2007,TOTL,Total Kenya,12.65,18,29.75,33.75,31.5,32,-0.5,1.59%,"31,600",-,,
12/21/2007,TOTL,Total Kenya,12.65,18,30.25,33.5,31.5,31.5,-,-,"33,600",-,,
12/24/2007,TOTL,Total Kenya,12.65,18,30,34,33.75,31.5,2.25,6.67%,"18,400",-,,
1/3/2012,TOTL,Total Kenya,13,18,14.4,14.9,14.55,14.75,-0.2,1.37%,"9,800",-,,
1/4/2012,TOTL,Total Kenya,13,18,14.5,15,14.85,14.55,0.3,2.02%,"4,300",-,,
1/5/2012,TOTL,Total Kenya,13,18,14.6,15,14.6,14.85,-0.25,1.71%,"11,000",-,,
1/6/2012,TOTL,Total Kenya,13,18,14.9,15,14.95,14.6,0.35,2.34%,"16,200",-,,
1/9/2012,TOTL,Total Kenya,13,18,14.95,15,14.95,14.95,-,-,"11,400",-,,
1/10/2012,TOTL,Total Kenya,13,18,15,15,15,14.95,0.05,0.33%,"5,100",-,,
1/11/2012,TOTL,Total Kenya,13,18,15,16,15,15,-,-,"2,600",-,,
1/12/2012,TOTL,Total Kenya,13,18,15,16,15.05,15,0.05,0.33%,"6,100",-,,
1/13/2012,TOTL,Total Kenya,13,18,16,16,16,15.05,0.95,5.94%,"3,000",-,,
1/16/2012,TOTL,Total Kenya,13,18,16,16,16,16,-,-,"2,300",-,,
1/17/2012,TOTL,Total Kenya,13,18,15.05,16.5,16.35,16,0.35,2.14%,"14,600",-,,
1/18/2012,TOTL,Total Kenya,13,18,15.5,15.5,15.5,16.35,-0.85,5.48%,"2,400",-,,
1/19/2012,TOTL,Total Kenya,13,18,16,16,16,15.5,0.5,3.13%,"1,500",-,,
1/20/2012,TOTL,Total Kenya,13,18,15.7,16.5,15.8,16,-0.2,1.27%,"3,600",-,,
1/23/2012,TOTL,Total Kenya,13,18,15.8,16,15.95,15.8,0.15,0.94%,"7,700",-,,
1/24/2012,TOTL,Total Kenya,13,18,15.5,16,15.9,15.95,-0.05,0.31%,"2,100",-,,
1/25/2012,TOTL,Total Kenya,13,18,15.75,16.5,16.05,15.9,0.15,0.93%,"23,700",-,,
1/26/2012,TOTL,Total Kenya,13,18,16,16.05,16,16.05,-0.05,0.31%,"1,300",-,,
1/27/2012,TOTL,Total Kenya,13,18,16,16.8,16.15,16,0.15,0.93%,"1,600",-,,
1/30/2012,TOTL,Total Kenya,13,18,16.8,16.8,16.8,16.15,0.65,3.87%,100,-,,
1/31/2012,TOTL,Total Kenya,13,18,16.2,16.2,16.2,16.8,-0.6,3.70%,100,-,,
2/1/2012,TOTL,Total Kenya,13,18,16.5,16.5,16.5,16.2,0.3,1.82%,200,-,,
2/2/2012,TOTL,Total Kenya,13,18,16.5,16.5,16.5,16.5,-,-,"5,500",-,,
2/3/2012,TOTL,Total Kenya,13,18,16.5,16.5,16.5,16.5,-,-,"3,200",-,,
2/6/2012,TOTL,Total Kenya,12.65,18,16,16.5,16.1,16.5,-0.4,2.48%,"10,000",-,,
2/7/2012,TOTL,Total Kenya,12.65,18,16,16.5,16.45,16.1,0.35,2.13%,"8,500",-,,
2/8/2012,TOTL,Total Kenya,12.65,18,16.45,16.5,16.45,16.45,-,-,"3,600",-,,
2/9/2012,TOTL,Total Kenya,12.65,18,17,17,17,16.45,0.55,3.24%,"3,100",-,,
2/10/2012,TOTL,Total Kenya,12.65,18,16.6,17,16.85,17,-0.15,0.89%,"2,700",-,,
2/13/2012,TOTL,Total Kenya,12.65,18,16.85,17,16.95,16.85,0.1,0.59%,"3,700",-,,
2/14/2012,TOTL,Total Kenya,12.65,18,16.5,17.5,17,16.95,0.05,0.29%,"17,000",-,,
2/15/2012,TOTL,Total Kenya,12.65,18,16.9,17,16.95,17,-0.05,0.29%,"4,200",-,,
2/16/2012,TOTL,Total Kenya,12.65,18,16.65,17,16.65,16.95,-0.3,1.80%,"120,300",-,,
2/17/2012,TOTL,Total Kenya,12.65,18,17,17,17,16.65,0.35,2.06%,"2,300",-,,
2/20/2012,TOTL,Total Kenya,12.65,18,17,17,17,17,-,-,"1,800",-,,
2/21/2012,TOTL,Total Kenya,12.65,18,17,17,17,17,-,-,"5,600",-,,
2/22/2012,TOTL,Total Kenya,12.65,18,17,17.5,17.35,17,0.35,2.02%,"3,400",-,,
2/23/2012,TOTL,Total Kenya,12.65,18,17.5,18,17.95,17.35,0.6,3.34%,"3,100",-,,
2/24/2012,TOTL,Total Kenya,12.65,18,17.95,18.5,18.1,17.95,0.15,0.83%,"3,500",-,,
2/27/2012,TOTL,Total Kenya,12.65,18,18,18.1,18.05,18.1,-0.05,0.28%,"3,800",-,,
2/28/2012,TOTL,Total Kenya,12.65,18,17.95,18,17.95,18.05,-0.1,0.56%,400,-,,
2/29/2012,TOTL,Total Kenya,12.65,18,18.05,18.05,18.05,17.95,0.1,0.55%,600,-,,
3/1/2012,TOTL,Total Kenya,12.65,18,17.5,18,17.55,18.05,-0.5,2.85%,"15,200",-,,
3/2/2012,TOTL,Total Kenya,12.65,18,17.55,17.55,17.55,17.55,-,-,0,-,,
3/5/2012,TOTL,Total Kenya,12.65,18,17.55,18,17.75,17.55,0.2,1.13%,"6,100",-,,
3/6/2012,TOTL,Total Kenya,12.65,18,17.5,17.95,17.65,17.75,-0.1,0.57%,"5,600",-,,
3/7/2012,TOTL,Total Kenya,12.65,18,17.6,17.65,17.6,17.65,-0.05,0.28%,"10,000",-,,
3/8/2012,TOTL,Total Kenya,12.65,18,17.5,17.5,17.5,17.6,-0.1,0.57%,500,-,,
3/9/2012,TOTL,Total Kenya,12.65,18,17.6,18,17.9,17.5,0.4,2.23%,"20,800",-,,
3/12/2012,TOTL,Total Kenya,12.65,18,17.6,18,17.9,17.9,-,-,"8,400",-,,
3/13/2012,TOTL,Total Kenya,12.65,18,17.9,18,17.95,17.9,0.05,0.28%,"1,600",-,,
3/14/2012,TOTL,Total Kenya,12.65,18,17.8,18,17.8,17.95,-0.15,0.84%,"2,300",-,,
3/15/2012,TOTL,Total Kenya,12.65,18,17.8,17.8,17.8,17.8,-,-,"2,700",-,,
3/16/2012,TOTL,Total Kenya,12.65,18,17.8,18,17.95,17.8,0.15,0.84%,"10,500",-,,
3/19/2012,TOTL,Total Kenya,12.65,18,17,17.8,17.3,17.95,-0.65,3.76%,"5,200",-,,
3/20/2012,TOTL,Total Kenya,12.65,18,16,17.95,16.4,17.3,-0.9,5.49%,"7,200",-,,
3/21/2012,TOTL,Total Kenya,12.65,18,15.5,15.5,15.5,16.4,-0.9,5.81%,500,-,,
3/22/2012,TOTL,Total Kenya,12.65,18,14,17,15.15,15.5,-0.35,2.31%,"13,800",-,,
3/23/2012,TOTL,Total Kenya,12.65,18,14,15.15,14.5,15.15,-0.65,4.48%,"11,900",-,,
3/26/2012,TOTL,Total Kenya,12.65,18,14.5,14.5,14.5,14.5,-,-,"4,500",-,,
3/27/2012,TOTL,Total Kenya,12.65,18,15.95,15.95,15.95,14.5,1.45,9.09%,"6,100",-,,
3/28/2012,TOTL,Total Kenya,12.65,18,15,15.9,15.25,15.95,-0.7,4.59%,"9,900",-,,
3/29/2012,TOTL,Total Kenya,12.65,18,14.2,15,14.65,15.25,-0.6,4.10%,"15,600",-,,
3/30/2012,TOTL,Total Kenya,12.65,18,14,14.5,14.05,14.65,-0.6,4.27%,"6,600",-,,
4/2/2012,TOTL,Total Kenya,12.65,18,14,14,14,14.05,-0.05,0.36%,"7,500",-,,
4/3/2012,TOTL,Total Kenya,12.65,18,13,14,13.2,14,-0.8,6.06%,"2,600",-,,
4/4/2012,TOTL,Total Kenya,12.65,18,13.5,14,13.9,13.2,0.7,5.04%,"33,500",-,,
4/5/2012,TOTL,Total Kenya,12.65,18,14,14.3,14,13.9,0.1,0.71%,"9,400",-,,
4/10/2012,TOTL,Total Kenya,12.65,18,14,14,14,14,-,-,"9,200",-,,
4/11/2012,TOTL,Total Kenya,12.65,18,14,14.5,14.15,14,0.15,1.06%,"19,100",-,,
4/12/2012,TOTL,Total Kenya,12.65,18,14.3,14.3,14.3,14.15,0.15,1.05%,"1,000",-,,
4/13/2012,TOTL,Total Kenya,12.65,18,14,15.4,14.75,14.3,0.45,3.05%,"6,500",-,,
4/16/2012,TOTL,Total Kenya,12.65,18,14,15.45,14.35,14.75,-0.4,2.79%,"13,600",-,,
4/17/2012,TOTL,Total Kenya,12.65,18,15.2,15.6,15.4,14.35,1.05,6.82%,"21,400",-,,
4/18/2012,TOTL,Total Kenya,12.65,18,15.4,15.4,15.4,15.4,-,-,"27,500",-,,
4/19/2012,TOTL,Total Kenya,12.65,18,15.4,15.4,15.4,15.4,-,-,0,-,,
4/20/2012,TOTL,Total Kenya,12.65,18,15.55,16.25,15.65,15.4,0.25,1.60%,"7,600",-,,
4/23/2012,TOTL,Total Kenya,12.65,18,16,16.25,16.1,15.65,0.45,2.80%,"2,100",-,,
4/25/2012,TOTL,Total Kenya,12.65,18,15.4,16.1,15.8,16.1,-0.3,1.90%,"2,600",-,,
4/26/2012,TOTL,Total Kenya,12.65,18,15.7,16.6,16.1,15.8,0.3,1.86%,"3,400",-,,
4/27/2012,TOTL,Total Kenya,12.65,18,16.5,16.5,16.5,16.1,0.4,2.42%,800,-,,
4/30/2012,TOTL,Total Kenya,12.65,18,15.2,16.5,15.6,16.5,-0.9,5.77%,"10,900",-,,
5/2/2012,TOTL,Total Kenya,12.65,18,15.7,15.7,15.7,15.6,0.1,0.64%,"2,100",-,,
5/3/2012,TOTL,Total Kenya,12.65,18,15.7,16.2,16.05,15.7,0.35,2.18%,"6,000",-,,
5/4/2012,TOTL,Total Kenya,12.65,18,15.9,16,15.9,16.05,-0.15,0.94%,"33,800",-,,
5/7/2012,TOTL,Total Kenya,12.65,18,14.4,16,15,15.9,-0.9,6.00%,"6,700",-,,
5/8/2012,TOTL,Total Kenya,12.65,18,15,15,15,15,-,-,"7,500",-,,
5/9/2012,TOTL,Total Kenya,12.65,18,15,15.75,15,15,-,-,"10,500",-,,
5/10/2012,TOTL,Total Kenya,12.65,18,14,14.75,14.6,15,-0.4,2.74%,"5,400",-,,
5/11/2012,TOTL,Total Kenya,12.65,18,14.7,15,14.9,14.6,0.3,2.01%,"5,700",-,,
5/14/2012,TOTL,Total Kenya,12.65,18,14.9,16,15.35,14.9,0.45,2.93%,"9,500",-,,
5/15/2012,TOTL,Total Kenya,12.65,18,15.35,16,15.8,15.35,0.45,2.85%,"15,600",-,,
5/16/2012,TOTL,Total Kenya,12.65,18,16,17,16.55,15.8,0.75,4.53%,"17,100",-,,
5/17/2012,TOTL,Total Kenya,12.65,18,16.7,16.9,16.8,16.55,0.25,1.49%,"15,600",-,,
5/18/2012,TOTL,Total Kenya,12.65,18,16.5,17,16.85,16.8,0.05,0.30%,"17,600",-,,
5/21/2012,TOTL,Total Kenya,12.65,18,16,16.85,16.5,16.85,-0.35,2.12%,"22,100",-,,
5/22/2012,TOTL,Total Kenya,12.65,18,16.5,16.5,16.5,16.5,-,-,"1,000",-,,
5/23/2012,TOTL,Total Kenya,12.65,18,16,16.5,16,16.5,-0.5,3.13%,"51,000",-,,
5/24/2012,TOTL,Total Kenya,12.65,18,15.5,16.4,16.05,16,0.05,0.31%,"6,700",-,,
5/25/2012,TOTL,Total Kenya,12.65,18,15.5,16,15.75,16.05,-0.3,1.90%,"4,300",-,,
5/28/2012,TOTL,Total Kenya,12.65,18,15.5,16,15.95,15.75,0.2,1.25%,"5,000",-,,
5/29/2012,TOTL,Total Kenya,12.65,18,15.9,16,15.9,15.95,-0.05,0.31%,"6,700",-,,
5/30/2012,TOTL,Total Kenya,12.65,18,15.5,15.9,15.55,15.9,-0.35,2.25%,"9,600",-,,
5/31/2012,TOTL,Total Kenya,12.65,18,15.6,15.6,15.6,15.55,0.05,0.32%,300,-,,
6/4/2012,TOTL,Total Kenya,12.65,18,15.9,16,15.9,15.6,0.3,1.89%,"28,600",-,,
6/5/2012,TOTL,Total Kenya,12.65,18,15.6,16,15.9,15.9,-,-,"10,100",-,,
6/6/2012,TOTL,Total Kenya,12.65,18,16,16,16,15.9,0.1,0.63%,"3,000",-,,
6/7/2012,TOTL,Total Kenya,12.65,18,16,16,16,16,-,-,"24,500",-,,
6/8/2012,TOTL,Total Kenya,12.65,18,16,16,16,16,-,-,"5,800",-,,
6/11/2012,TOTL,Total Kenya,12.65,18,15,16,15.45,16,-0.55,3.56%,"11,900",-,,
6/12/2012,TOTL,Total Kenya,12.65,18,14.9,15.5,15.05,15.45,-0.4,2.66%,"7,100",-,,
6/13/2012,TOTL,Total Kenya,12.65,18,15,15.5,15.1,15.05,0.05,0.33%,"27,500",-,,
6/14/2012,TOTL,Total Kenya,12.65,18,16,16,16,15.1,0.9,5.63%,100,-,,
6/15/2012,TOTL,Total Kenya,12.65,18,15,15.95,15.35,16,-0.65,4.23%,500,-,,
6/18/2012,TOTL,Total Kenya,12.65,18,15.35,15.95,15.65,15.35,0.3,1.92%,"2,000",-,,
6/19/2012,TOTL,Total Kenya,12.65,18,15.65,15.65,15.65,15.65,-,-,500,-,,
6/20/2012,TOTL,Total Kenya,12.65,18,15.4,15.65,15.55,15.65,-0.1,0.64%,"7,300",-,,
6/21/2012,TOTL,Total Kenya,12.65,18,15,15.35,15,15.55,-0.55,3.67%,"14,400",-,,
6/22/2012,TOTL,Total Kenya,12.65,18,15.6,15.6,15.6,15,0.6,3.85%,"5,000",-,,
6/25/2012,TOTL,Total Kenya,12.65,18,15.05,15.1,15.05,15.6,-0.55,3.65%,"2,000",-,,
6/26/2012,TOTL,Total Kenya,12.65,18,15.05,15.05,15.05,15.05,-,-,"4,500",-,,
6/27/2012,TOTL,Total Kenya,12.65,18,15.5,15.6,15.55,15.05,0.5,3.22%,"8,800",-,,
6/28/2012,TOTL,Total Kenya,12.65,18,15.6,15.8,15.75,15.55,0.2,1.27%,"6,100",-,,
6/29/2012,TOTL,Total Kenya,12.65,18,15.05,15.9,15.45,15.75,-0.3,1.94%,"1,200",-,,
7/2/2012,TOTL,Total Kenya,12.65,18,15.4,15.5,15.45,15.45,-,-,"3,000",-,,
7/3/2012,TOTL,Total Kenya,12.65,18,15.1,15.5,15.45,15.45,-,-,"6,100",-,,
7/4/2012,TOTL,Total Kenya,12.65,18,15.4,15.5,15.45,15.45,-,-,"2,600",-,,
7/5/2012,TOTL,Total Kenya,12.65,18,15.45,15.45,15.45,15.45,-,-,"1,000",-,,
7/6/2012,TOTL,Total Kenya,12.65,18,15.2,15.45,15.2,15.45,-0.25,1.64%,"16,200",-,,
7/9/2012,TOTL,Total Kenya,12.65,18,15.5,16,15.8,15.2,0.6,3.80%,"6,400",-,,
7/10/2012,TOTL,Total Kenya,12.65,18,15.4,15.5,15.4,15.8,-0.4,2.60%,"4,300",-,,
7/11/2012,TOTL,Total Kenya,12.65,18,15.3,15.45,15.3,15.4,-0.1,0.65%,"2,200",-,,
7/12/2012,TOTL,Total Kenya,12.65,18,15.45,15.5,15.45,15.3,0.15,0.97%,"1,100",-,,
7/13/2012,TOTL,Total Kenya,12.65,18,15.45,15.45,15.45,15.45,-,-,300,-,,
7/16/2012,TOTL,Total Kenya,12.65,18,15.45,15.8,15.5,15.45,0.05,0.32%,800,-,,
7/17/2012,TOTL,Total Kenya,12.65,18,15.4,15.45,15.4,15.5,-0.1,0.65%,"1,600",-,,
7/18/2012,TOTL,Total Kenya,12.65,18,15.4,15.5,15.45,15.4,0.05,0.32%,"3,800",-,,
7/19/2012,TOTL,Total Kenya,12.65,18,15.45,15.45,15.45,15.45,-,-,"1,500",-,,
7/20/2012,TOTL,Total Kenya,12.65,18,15.45,15.5,15.45,15.45,-,-,"1,100",-,,
7/23/2012,TOTL,Total Kenya,12.65,18,15.45,15.8,15.45,15.45,-,-,800,-,,
7/24/2012,TOTL,Total Kenya,12.65,18,15.5,15.8,15.55,15.45,0.1,0.64%,"5,200",-,,
7/25/2012,TOTL,Total Kenya,12.65,18,15.5,15.85,15.7,15.55,0.15,0.96%,"10,300",-,,
7/26/2012,TOTL,Total Kenya,12.65,18,15.5,16,15.95,15.7,0.25,1.57%,"25,600",-,,
7/27/2012,TOTL,Total Kenya,12.65,18,15.55,16,15.55,15.95,-0.4,2.57%,"1,500",-,,
7/30/2012,TOTL,Total Kenya,12.65,18,16,16,16,15.55,0.45,2.81%,"24,800",-,,
7/31/2012,TOTL,Total Kenya,12.65,18,16,17,16,16,-,-,"11,200",-,,
8/1/2012,TOTL,Total Kenya,12.65,18,16.5,17,16.85,16,0.85,5.04%,"2,300",-,,
8/2/2012,TOTL,Total Kenya,12.65,18,17.05,17.7,17.4,16.85,0.55,3.16%,"3,000",-,,
8/3/2012,TOTL,Total Kenya,12.65,18,16,17.4,16.9,17.4,-0.5,2.96%,"2,100",-,,
8/6/2012,TOTL,Total Kenya,12.65,18,16,17,16.5,16.9,-0.4,2.42%,"1,700",-,,
8/7/2012,TOTL,Total Kenya,12.65,18,16.45,17.2,16.8,16.5,0.3,1.79%,"2,200",-,,
8/8/2012,TOTL,Total Kenya,12.65,18,16.85,17.4,17.35,16.8,0.55,3.17%,"1,200",-,,
8/9/2012,TOTL,Total Kenya,12.65,18,16.25,16.25,16.25,17.35,-1.1,6.77%,"3,500",-,,
8/10/2012,TOTL,Total Kenya,12.65,18,17.35,17.4,17.35,16.25,1.1,6.34%,"54,000",-,,
8/13/2012,TOTL,Total Kenya,12.65,18,17.35,17.4,17.35,17.35,-,-,"7,600",-,,
8/14/2012,TOTL,Total Kenya,12.65,18,17,17.3,17.1,17.35,-0.25,1.46%,"1,300",-,,
8/15/2012,TOTL,Total Kenya,12.65,18,17.1,17.15,17.1,17.1,-,-,"4,600",-,,
8/16/2012,TOTL,Total Kenya,12.65,18,17,17.1,17,17.1,-0.1,0.59%,"5,400",-,,
8/17/2012,TOTL,Total Kenya,12.65,18,17,17.3,17.25,17,0.25,1.45%,"6,300",-,,
8/21/2012,TOTL,Total Kenya,12.65,18,17.2,18,17.95,17.25,0.7,3.90%,"6,600",-,,
8/22/2012,TOTL,Total Kenya,12.65,18,17.95,17.95,17.95,17.95,-,-,0,-,,
8/23/2012,TOTL,Total Kenya,12.65,18,17.2,17.3,17.25,17.95,-0.7,4.06%,"5,600",-,,
8/24/2012,TOTL,Total Kenya,12.65,18,17,17.1,17,17.25,-0.25,1.47%,"4,000",-,,
8/27/2012,TOTL,Total Kenya,12.65,18,17,17.15,17,17,-,-,"8,200",-,,
8/28/2012,TOTL,Total Kenya,12.65,18,16.8,17,16.95,17,-0.05,0.29%,"18,500",-,,
8/29/2012,TOTL,Total Kenya,12.65,18,16.2,17,16.8,16.95,-0.15,0.89%,"7,400",-,,
8/30/2012,TOTL,Total Kenya,12.65,18,16.2,16.2,16.2,16.8,-0.6,3.70%,"13,400",-,,
8/31/2012,TOTL,Total Kenya,12.65,18,16.2,16.2,16.2,16.2,-,-,"3,100",-,,
9/3/2012,TOTL,Total Kenya,12.65,18,15.5,16,15.9,16.2,-0.3,1.89%,"8,800",-,,
9/4/2012,TOTL,Total Kenya,12.65,18,15.5,15.5,15.5,15.9,-0.4,2.58%,"8,000",-,,
9/5/2012,TOTL,Total Kenya,12.65,18,15.9,15.9,15.9,15.5,0.4,2.52%,200,-,,
9/6/2012,TOTL,Total Kenya,12.65,18,15.5,15.9,15.5,15.9,-0.4,2.58%,"5,200",-,,
9/7/2012,TOTL,Total Kenya,12.65,18,15.85,15.85,15.85,15.5,0.35,2.21%,"32,000",-,,
9/10/2012,TOTL,Total Kenya,12.65,18,15.5,15.8,15.7,15.85,-0.15,0.96%,"3,500",-,,
9/11/2012,TOTL,Total Kenya,12.65,18,15.5,15.7,15.65,15.7,-0.05,0.32%,900,-,,
9/12/2012,TOTL,Total Kenya,12.65,18,15.1,15.3,15.15,15.65,-0.5,3.30%,"104,200",-,,
9/13/2012,TOTL,Total Kenya,12.65,18,15.6,15.6,15.6,15.15,0.45,2.88%,"4,800",-,,
9/14/2012,TOTL,Total Kenya,12.65,18,15.6,15.7,15.6,15.6,-,-,"33,400",-,,
9/17/2012,TOTL,Total Kenya,12.65,18,15.6,15.7,15.65,15.6,0.05,0.32%,500,-,,
9/18/2012,TOTL,Total Kenya,12.65,18,15.5,15.55,15.5,15.65,-0.15,0.97%,"3,500",-,,
9/19/2012,TOTL,Total Kenya,12.65,18,15.6,15.6,15.6,15.5,0.1,0.64%,"4,100",-,,
9/20/2012,TOTL,Total Kenya,12.65,18,15.6,15.6,15.6,15.6,-,-,0,-,,
9/21/2012,TOTL,Total Kenya,12.65,18,15.6,15.6,15.6,15.6,-,-,"3,200",-,,
9/24/2012,TOTL,Total Kenya,12.65,18,15.6,15.6,15.6,15.6,-,-,700,-,,
9/25/2012,TOTL,Total Kenya,12.65,18,15.7,16,15.8,15.6,0.2,1.27%,"3,000",-,,
9/26/2012,TOTL,Total Kenya,12.65,18,15.05,16,15.25,15.8,-0.55,3.61%,"20,300",-,,
9/27/2012,TOTL,Total Kenya,12.65,18,15,15.05,15,15.25,-0.25,1.67%,"17,200",-,,
9/28/2012,TOTL,Total Kenya,12.65,18,15,15.05,15,15,-,-,"13,500",-,,
10/1/2012,TOTL,Total Kenya,12.65,18,15.05,16,15.1,15,0.1,0.66%,"2,200",-,,
10/2/2012,TOTL,Total Kenya,12.65,18,15.05,15.55,15.2,15.1,0.1,0.66%,"2,700",-,,
10/3/2012,TOTL,Total Kenya,12.65,18,15.15,16,15.8,15.2,0.6,3.80%,"13,800",-,,
10/4/2012,TOTL,Total Kenya,12.65,18,15.05,15.5,15.45,15.8,-0.35,2.27%,"1,200",-,,
10/5/2012,TOTL,Total Kenya,12.65,18,15,15.5,15,15.45,-0.45,3.00%,"57,800",-,,
10/8/2012,TOTL,Total Kenya,12.65,18,14.5,15,14.95,15,-0.05,0.33%,"9,100",-,,
10/9/2012,TOTL,Total Kenya,12.65,18,14.5,15,14.95,14.95,-,-,"104,400",-,,
10/10/2012,TOTL,Total Kenya,12.65,18,14.9,14.95,14.9,14.95,-0.05,0.34%,"7,000",-,,
10/11/2012,TOTL,Total Kenya,12.65,18,14.9,15,14.9,14.9,-,-,"1,700",-,,
10/12/2012,TOTL,Total Kenya,12.65,18,14.9,15,14.95,14.9,0.05,0.33%,"44,000",-,,
10/15/2012,TOTL,Total Kenya,12.65,18,14.9,15,14.9,14.95,-0.05,0.34%,"11,000",-,,
10/16/2012,TOTL,Total Kenya,12.65,18,14.5,14.9,14.65,14.9,-0.25,1.71%,"8,900",-,,
10/17/2012,TOTL,Total Kenya,12.65,18,14.5,14.6,14.5,14.65,-0.15,1.03%,"51,600",-,,
10/18/2012,TOTL,Total Kenya,12.65,18,14.5,14.6,14.55,14.5,0.05,0.34%,"7,700",-,,
10/19/2012,TOTL,Total Kenya,12.65,18,14.55,14.9,14.55,14.55,-,-,"80,700",-,,
10/22/2012,TOTL,Total Kenya,12.65,18,14.5,14.5,14.5,14.55,-0.05,0.34%,"1,400",-,,
10/23/2012,TOTL,Total Kenya,12.65,18,14.05,14.5,14.25,14.5,-0.25,1.75%,"225,200",-,,
10/24/2012,TOTL,Total Kenya,13,18,14.3,14.3,14.3,14.2,0.1,0.70%,"8,500",-,,
10/25/2012,TOTL,Total Kenya,13,18,14.3,14.3,14.3,14.2,0.1,0.70%,"8,500",-,,
10/26/2012,TOTL,Total Kenya,13,18,13.6,14.9,14,14.3,-0.3,2.14%,"288,000",-,,
10/29/2012,TOTL,Total Kenya,13,18,14,14.4,14.3,14,0.3,2.10%,"8,900",-,,
10/30/2012,TOTL,Total Kenya,13,18,14,14.5,14.1,14.3,-0.2,1.42%,"21,600",-,,
10/31/2012,TOTL,Total Kenya,13,18,13.9,14,13.9,14.1,-0.2,1.44%,"2,000",-,,
11/1/2012,TOTL,Total Kenya,13,18,14,14,14,13.9,0.1,0.71%,600,-,,
11/2/2012,TOTL,Total Kenya,13,18,13.1,14,13.7,14,-0.3,2.19%,"22,000",-,,
11/5/2012,TOTL,Total Kenya,13,18,14,14,14,13.7,0.3,2.14%,"13,100",-,,
11/6/2012,TOTL,Total Kenya,13,18,14,14,14,14,-,-,"8,800",-,,
11/7/2012,TOTL,Total Kenya,13,18,14,14.4,14,14,-,-,"11,000",-,,
11/8/2012,TOTL,Total Kenya,13,18,13.9,14,13.9,14,-0.1,0.72%,"3,100",-,,
11/9/2012,TOTL,Total Kenya,13,18,13.85,13.95,13.85,13.9,-0.05,0.36%,"10,100",-,,
11/12/2012,TOTL,Total Kenya,13,18,13.85,14,13.85,13.85,-,-,"75,200",-,,
11/13/2012,TOTL,Total Kenya,13,18,13.7,14,13.85,13.85,-,-,"35,900",-,,
11/14/2012,TOTL,Total Kenya,13,18,13.9,14,13.9,13.85,0.05,0.36%,"13,800",-,,
11/15/2012,TOTL,Total Kenya,13,18,13.9,14,13.9,13.9,-,-,"4,200",-,,
11/16/2012,TOTL,Total Kenya,13,18,13.8,13.9,13.85,13.9,-0.05,0.36%,"4,100",-,,
11/19/2012,TOTL,Total Kenya,13,18,13.75,13.9,13.75,13.85,-0.1,0.73%,"5,100",-,,
11/20/2012,TOTL,Total Kenya,13,18,13.7,13.9,13.75,13.75,-,-,"201,100",-,,
11/21/2012,TOTL,Total Kenya,13,18,13.9,13.9,13.9,13.75,0.15,1.08%,700,-,,
11/22/2012,TOTL,Total Kenya,13,18,13.75,13.9,13.8,13.9,-0.1,0.72%,"4,200",-,,
11/23/2012,TOTL,Total Kenya,13,18,13.75,14,13.8,13.8,-,-,"5,200",-,,
11/26/2012,TOTL,Total Kenya,13,18,13.7,14,13.8,13.8,-,-,"12,800",-,,
11/27/2012,TOTL,Total Kenya,13,18,13.75,14,13.8,13.8,-,-,"14,700",-,,
11/28/2012,TOTL,Total Kenya,13,18,13.5,14,13.5,13.8,-0.3,2.22%,"6,000",-,,
11/29/2012,TOTL,Total Kenya,13,18,13.5,14,13.7,13.5,0.2,1.46%,"7,900",-,,
11/30/2012,TOTL,Total Kenya,13,18,13.05,13.7,13.3,13.7,-0.4,3.01%,"3,500",-,,
12/3/2012,TOTL,Total Kenya,13,18,13.5,13.8,13.75,13.3,0.45,3.27%,"14,000",-,,
12/4/2012,TOTL,Total Kenya,13,18,13.5,14,13.9,13.75,0.15,1.08%,"3,700",-,,
12/5/2012,TOTL,Total Kenya,13,18,13.6,13.9,13.65,13.9,-0.25,1.83%,"16,700",-,,
12/6/2012,TOTL,Total Kenya,13,18,13.6,13.9,13.7,13.65,0.05,0.36%,"15,900",-,,
12/7/2012,TOTL,Total Kenya,13,18,13.75,13.95,13.75,13.7,0.05,0.36%,"24,400",-,,
12/10/2012,TOTL,Total Kenya,13,18,13.9,14,13.9,13.75,0.15,1.08%,"2,200",-,,
12/11/2012,TOTL,Total Kenya,13,18,13.75,13.95,13.85,13.9,-0.05,0.36%,"11,100",-,,
12/13/2012,TOTL,Total Kenya,13,18,13.8,13.9,13.8,13.85,-0.05,0.36%,"1,000",-,,
12/14/2012,TOTL,Total Kenya,13,18,13.6,13.85,13.7,13.8,-0.1,0.73%,"7,300",-,,
12/17/2012,TOTL,Total Kenya,13,18,13.7,13.8,13.75,13.7,0.05,0.36%,"13,400",-,,
12/18/2012,TOTL,Total Kenya,13,18,13.6,13.75,13.7,13.75,-0.05,0.36%,"7,800",-,,
12/19/2012,TOTL,Total Kenya,13,18,13.6,13.7,13.65,13.7,-0.05,0.37%,"1,300",-,,
12/20/2012,TOTL,Total Kenya,13,18,13.6,13.8,13.7,13.65,0.05,0.36%,"17,500",-,,
12/21/2012,TOTL,Total Kenya,13,18,13.75,13.85,13.75,13.7,0.05,0.36%,"2,900",-,,
12/24/2012,TOTL,Total Kenya,13,18,13.8,13.8,13.8,13.75,0.05,0.36%,"15,700",-,,
12/27/2012,TOTL,Total Kenya,13,18,13.85,13.85,13.85,13.8,0.05,0.36%,300,-,,
12/28/2012,TOTL,Total Kenya,13,18,13.8,14,13.95,13.85,0.1,0.72%,"46,900",-,,
12/31/2012,TOTL,Total Kenya,13,18,13.8,14,13.8,13.95,-0.15,1.09%,"1,000",-,,
1/2/2009,TOTL,Total Kenya,12.65,18,31.75,32.5,32,32,-,-,"3,500",-,,
1/5/2009,TOTL,Total Kenya,12.65,18,32,32,32,32,-,-,"20,100",-,,
1/6/2009,TOTL,Total Kenya,12.65,18,31.5,32,31.75,32,-0.25,0.79%,"7,700",-,,
1/7/2009,TOTL,Total Kenya,12.65,18,31.5,33,32,31.75,0.25,0.78%,"9,000",-,,
1/8/2009,TOTL,Total Kenya,12.65,18,32,33,32,32,-,-,"27,300",-,,
1/9/2009,TOTL,Total Kenya,12.65,18,32.5,32.75,32.5,32,0.5,1.54%,"10,400",-,,
1/12/2009,TOTL,Total Kenya,12.65,18,32.5,34,33,32.5,0.5,1.52%,"31,900",-,,
1/13/2009,TOTL,Total Kenya,12.65,18,32,33,32.25,33,-0.75,2.33%,"18,500",-,,
1/14/2009,TOTL,Total Kenya,12.65,18,32,34,32.5,32.25,0.25,0.77%,"12,300",-,,
1/15/2009,TOTL,Total Kenya,12.65,18,32,33,32.5,32.5,-,-,"22,400",-,,
1/16/2009,TOTL,Total Kenya,12.65,18,32.5,33.5,33,32.5,0.5,1.52%,"14,300",-,,
1/19/2009,TOTL,Total Kenya,12.65,18,33.5,34,33.75,33,0.75,2.22%,"7,500",-,,
1/20/2009,TOTL,Total Kenya,12.65,18,33.5,34,33.5,33.75,-0.25,0.75%,"6,200",-,,
1/29/2009,TOTL,Total Kenya,12.65,18,33,33.75,33,33.5,-0.5,1.52%,"13,700",-,,
1/22/2009,TOTL,Total Kenya,12.65,18,32.75,33,32.75,33,-0.25,0.76%,"3,800",-,,
1/23/2009,TOTL,Total Kenya,12.65,18,32.75,33,32.75,32.75,-,-,"1,900",-,,
1/26/2009,TOTL,Total Kenya,12.65,18,32.5,33,32.75,32.75,-,-,"11,100",-,,
1/27/2009,TOTL,Total Kenya,12.65,18,32,32.75,32.25,32.75,-0.5,1.55%,"32,700",-,,
1/28/2009,TOTL,Total Kenya,12.65,18,30,32.75,30.5,32.25,-1.75,5.74%,"11,100",-,,
1/29/2009,TOTL,Total Kenya,12.65,18,30,31,30.25,30.5,-0.25,0.83%,"6,600",-,,
1/30/2009,TOTL,Total Kenya,12.65,18,30,30.5,30,30.25,-0.25,0.83%,"1,300",-,,
2/2/2009,TOTL,Total Kenya,12.65,18,28.5,30,28.5,30,-1.5,5.26%,"97,100",-,,
2/3/2009,TOTL,Total Kenya,12.65,18,28,29.75,29.5,28.5,1,3.39%,"13,800",-,,
4/2/2009,TOTL,Total Kenya,12.65,18,29.75,29.75,29.75,29.5,0.25,0.84%,"13,000",-,,
2/5/2009,TOTL,Total Kenya,12.65,18,28,29.75,29.25,29.75,-0.5,1.71%,"5,400",-,,
2/6/2009,TOTL,Total Kenya,12.65,18,29.5,30,29.75,29.25,0.5,1.68%,"27,700",-,,
2/9/2009,TOTL,Total Kenya,12.65,18,28,30,29.25,29.75,-0.5,1.71%,"21,000",-,,
2/10/2009,TOTL,Total Kenya,12.65,18,29.5,29.75,29.5,29.25,0.25,0.85%,"5,000",-,,
2/11/2009,TOTL,Total Kenya,12.65,18,28.5,29.5,29,29.5,-0.5,1.72%,"28,700",-,,
2/12/2009,TOTL,Total Kenya,12.65,18,28,29.75,28.5,29,-0.5,1.75%,"30,900",-,,
2/13/2009,TOTL,Total Kenya,12.65,18,29,30,29.5,28.5,1,3.39%,"21,800",-,,
2/16/2009,TOTL,Total Kenya,12.65,18,29.5,30,29.5,29.5,-,-,"12,200",-,,
2/17/2009,TOTL,Total Kenya,12.65,18,29,30.25,29,29.5,-0.5,1.72%,"36,500",-,,
2/18/2009,TOTL,Total Kenya,12.65,18,28.75,29.75,29,29,-,-,"7,000",-,,
2/19/2009,TOTL,Total Kenya,12.65,18,28,29,28.25,29,-0.75,2.65%,"2,500",-,,
2/20/2009,TOTL,Total Kenya,12.65,18,27.25,29,27.75,28.25,-0.5,1.80%,"7,200",-,,
2/23/2009,TOTL,Total Kenya,12.65,18,27,29,27.25,27.75,-0.5,1.83%,"12,300",-,,
2/24/2009,TOTL,Total Kenya,12.65,18,27.25,27.5,27.25,27.25,-,-,"4,800",-,,
2/25/2009,TOTL,Total Kenya,12.65,18,27.5,28,27.5,27.25,0.25,0.91%,"2,000",-,,
2/26/2009,TOTL,Total Kenya,12.65,18,26.5,28,27.75,27.5,0.25,0.90%,"50,000",-,,
2/27/2009,TOTL,Total Kenya,12.65,18,27.5,29.75,28,27.75,0.25,0.89%,"1,100",-,,
3/2/2009,TOTL,Total Kenya,12.65,18,27.5,29.5,28,28,-,-,"19,400",-,,
3/3/2009,TOTL,Total Kenya,12.65,18,28,29.75,28.75,28,0.75,2.61%,"2,700",-,,
3/4/2009,TOTL,Total Kenya,12.65,18,28,29,28,28.75,-0.75,2.68%,"3,000",-,,
3/5/2009,TOTL,Total Kenya,12.65,18,28,28.25,28,28,-,-,"8,100",-,,
3/6/2009,TOTL,Total Kenya,12.65,18,28.25,29,28.5,28,0.5,1.75%,"1,800",-,,
3/9/2009,TOTL,Total Kenya,12.65,18,28,30,28,28.5,-0.5,1.79%,"3,400",-,,
3/10/2009,TOTL,Total Kenya,12.65,18,28,29.75,28.5,28,0.5,1.75%,"5,500",-,,
3/11/2009,TOTL,Total Kenya,12.65,18,28,29.5,28.5,28.5,-,-,"13,200",-,,
3/12/2009,TOTL,Total Kenya,12.65,18,30,30,30,28.5,1.5,5.00%,"1,600",-,,
3/13/2009,TOTL,Total Kenya,12.65,18,30,32,31.5,30,1.5,4.76%,"3,200",-,,
3/16/2009,TOTL,Total Kenya,12.65,18,32.5,32.75,32.5,31.5,1,3.08%,"2,000",-,,
3/17/2009,TOTL,Total Kenya,12.65,18,30,32.5,32,32.5,-0.5,1.56%,"19,500",-,,
3/18/2009,TOTL,Total Kenya,12.65,18,32,32.5,32.25,32,0.25,0.78%,"23,100",-,,
3/19/2009,TOTL,Total Kenya,12.65,18,32,32.5,32.25,32.25,-,-,"4,300",-,,
3/20/2009,TOTL,Total Kenya,12.65,18,32,32.5,32,32.25,-0.25,0.78%,"47,500",-,,
3/23/2009,TOTL,Total Kenya,12.65,18,32,32,32,32,-,-,0,-,,
3/24/2009,TOTL,Total Kenya,12.65,18,32.25,33,32.5,32,0.5,1.54%,"16,500",-,,
3/25/2009,TOTL,Total Kenya,12.65,18,32.25,32.75,32.5,32.5,-,-,"8,200",-,,
3/26/2009,TOTL,Total Kenya,12.65,18,32.75,33,32.75,32.5,0.25,0.76%,"9,100",-,,
3/27/2009,TOTL,Total Kenya,12.65,18,32.75,33.25,33,32.75,0.25,0.76%,"16,900",-,,
3/30/2009,TOTL,Total Kenya,12.65,18,32.75,33.25,33,33,-,-,"12,100",-,,
3/31/2009,TOTL,Total Kenya,12.65,18,33,34,33,33,-,-,"8,100",-,,
4/1/2009,TOTL,Total Kenya,12.65,18,33,33.5,33,33,-,-,"6,600",-,,
4/2/2009,TOTL,Total Kenya,12.65,18,32.5,33,32.5,33,-0.5,1.54%,"8,700",-,,
4/3/2009,TOTL,Total Kenya,12.65,18,32.5,34,33,32.5,0.5,1.52%,"14,500",-,,
4/6/2009,TOTL,Total Kenya,12.65,18,33.5,34.5,34,33,1,2.94%,"7,800",-,,
4/7/2009,TOTL,Total Kenya,12.65,18,32,35,33.75,34,-0.25,0.74%,"69,200",-,,
4/8/2009,TOTL,Total Kenya,12.65,18,33.25,34.5,33.75,33.75,-,-,"47,600",-,,
4/9/2009,TOTL,Total Kenya,12.65,18,33.5,34,33.5,33.75,-0.25,0.75%,"28,800",-,,
4/14/2009,TOTL,Total Kenya,12.65,18,33.5,33.5,33.5,33.5,-,-,"10,500",-,,
4/15/2009,TOTL,Total Kenya,12.65,18,33.5,33.5,33.5,33.5,-,-,"9,600",-,,
4/16/2009,TOTL,Total Kenya,12.65,18,33.25,33.5,33.25,33.5,-0.25,0.75%,"9,600",-,,
4/17/2009,TOTL,Total Kenya,12.65,18,32.5,33.75,33,33.25,-0.25,0.76%,"24,300",-,,
4/20/2009,TOTL,Total Kenya,12.65,18,33.25,34,33.75,33,0.75,2.22%,"26,000",-,,
4/21/2009,TOTL,Total Kenya,12.65,18,33,34.5,34,33.75,0.25,0.74%,"12,500",-,,
4/22/2009,TOTL,Total Kenya,12.65,18,31,34.5,33.75,34,-0.25,0.74%,"65,700",-,,
4/23/2009,TOTL,Total Kenya,12.65,18,34,34.5,34,33.75,0.25,0.74%,"4,300",-,,
4/24/2009,TOTL,Total Kenya,12.65,18,33.75,35,34,34,-,-,"140,100",-,,
4/27/2009,TOTL,Total Kenya,12.65,18,34,34.5,34,34,-,-,"56,000",-,,
4/28/2009,TOTL,Total Kenya,12.65,18,34,34.5,34,34,-,-,"6,800",-,,
4/29/2009,TOTL,Total Kenya,12.65,18,34,35,34,34,-,-,"41,500",-,,
4/30/2009,TOTL,Total Kenya,12.65,18,34,34.5,34,34,-,-,"28,300",-,,
5/4/2009,TOTL,Total Kenya,12.65,18,34,34.25,34,34,-,-,"41,200",-,,
5/5/2009,TOTL,Total Kenya,12.65,18,34,34.5,34,34,-,-,"49,300",-,,
5/6/2009,TOTL,Total Kenya,12.65,18,34,34.5,34.25,34,0.25,0.73%,"16,300",-,,
5/7/2009,TOTL,Total Kenya,12.65,18,34.25,34.5,34.25,34.25,-,-,"15,400",-,,
5/8/2009,TOTL,Total Kenya,12.65,18,34.5,34.5,34.5,34.25,0.25,0.72%,"3,000",-,,
5/11/2009,TOTL,Total Kenya,12.65,18,34.75,34.75,34.75,34.5,0.25,0.72%,"4,600",-,,
5/12/2009,TOTL,Total Kenya,12.65,18,34.5,35,34.75,34.75,-,-,"15,300",-,,
5/13/2009,TOTL,Total Kenya,12.65,18,34.5,35,34.75,34.75,-,-,"43,400",-,,
5/14/2009,TOTL,Total Kenya,12.65,18,35,35.25,35,34.75,0.25,0.71%,"90,400",-,,
5/15/2009,TOTL,Total Kenya,12.65,18,35,35.5,35,35,-,-,"14,000",-,,
5/18/2009,TOTL,Total Kenya,12.65,18,35,35.5,35,35,-,-,"160,600",-,,
5/19/2009,TOTL,Total Kenya,12.65,18,34.5,35.5,35,35,-,-,"56,000",-,,
5/20/2009,TOTL,Total Kenya,12.65,18,34,35.25,34.75,35,-0.25,0.72%,"150,100",-,,
5/21/2009,TOTL,Total Kenya,12.65,18,31.5,33.75,32.25,34.75,-2.5,7.75%,"19,600",-,,
5/22/2009,TOTL,Total Kenya,12.65,18,30,30.25,30,32.25,-2.25,7.50%,"2,900",-,,
5/25/2009,TOTL,Total Kenya,12.65,18,30.5,31.5,30.75,30,0.75,2.44%,"17,700",-,,
5/26/2009,TOTL,Total Kenya,12.65,18,30.5,31.5,30.5,30.75,-0.25,0.82%,"25,600",-,,
5/27/2009,TOTL,Total Kenya,12.65,18,30,30.5,30,30.5,-0.5,1.67%,"36,900",-,,
5/28/2009,TOTL,Total Kenya,12.65,18,30,30.5,30,30,-,-,"13,900",-,,
5/29/2009,TOTL,Total Kenya,12.65,18,28.5,29.5,29,30,-1,3.45%,"86,200",-,,
6/2/2009,TOTL,Total Kenya,12.65,18,26.25,29,26.75,29,-2.25,8.41%,"75,100",-,,
6/3/2009,TOTL,Total Kenya,12.65,18,28,29,28.75,26.75,2,6.96%,"26,800",-,,
6/4/2009,TOTL,Total Kenya,12.65,18,29,31,30.5,28.75,1.75,5.74%,"267,700",-,,
6/5/2009,TOTL,Total Kenya,12.65,18,32.5,32.5,32.5,30.5,2,6.15%,"2,200",-,,
6/8/2009,TOTL,Total Kenya,12.65,18,32,32.5,32.25,32.5,-0.25,0.78%,"20,300",-,,
6/9/2009,TOTL,Total Kenya,12.65,18,30.5,32.5,31.25,32.25,-1,3.20%,"25,400",-,,
6/10/2009,TOTL,Total Kenya,12.65,18,31,32,31.25,31.25,-,-,"1,900",-,,
6/11/2009,TOTL,Total Kenya,12.65,18,30.75,31.5,31,31.25,-0.25,0.81%,"38,100",-,,
6/12/2009,TOTL,Total Kenya,12.65,18,31.25,31.5,31.25,31,0.25,0.80%,"3,600",-,,
6/15/2009,TOTL,Total Kenya,12.65,18,30.75,31.25,31,31.25,-0.25,0.81%,"34,800",-,,
6/16/2009,TOTL,Total Kenya,12.65,18,31,31.5,31.25,31,0.25,0.80%,"13,100",-,,
6/17/2009,TOTL,Total Kenya,12.65,18,31,31.5,31,31.25,-0.25,0.81%,"15,400",-,,
6/18/2009,TOTL,Total Kenya,12.65,18,31,32.25,31.5,31,0.5,1.59%,"36,900",-,,
6/19/2009,TOTL,Total Kenya,12.65,18,32,32,32,31.5,0.5,1.56%,"7,000",-,,
6/22/2009,TOTL,Total Kenya,12.65,18,31.5,32,31.5,32,-0.5,1.59%,"8,000",-,,
6/23/2009,TOTL,Total Kenya,12.65,18,30.75,32,30.75,31.5,-0.75,2.44%,"15,700",-,,
6/24/2009,TOTL,Total Kenya,12.65,18,30.25,30.75,30.5,30.75,-0.25,0.82%,"100,500",-,,
6/25/2009,TOTL,Total Kenya,12.65,18,30,31,30.25,30.5,-0.25,0.83%,"7,900",-,,
6/26/2009,TOTL,Total Kenya,12.65,18,31,31,31,30.25,0.75,2.42%,"6,000",-,,
6/29/2009,TOTL,Total Kenya,12.65,18,31,31.5,31,31,-,-,"3,500",-,,
6/30/2009,TOTL,Total Kenya,12.65,18,31,31.5,31,31,-,-,"7,700",-,,
7/1/2009,TOTL,Total Kenya,12.65,18,31.25,31.5,31.25,31,0.25,0.80%,"4,300",-,,
7/2/2009,TOTL,Total Kenya,12.65,18,30,31.5,30,31.25,-1.25,4.17%,"55,700",-,,
7/3/2009,TOTL,Total Kenya,12.65,18,31,32,31.75,30,1.75,5.51%,"76,300",-,,
7/6/2009,TOTL,Total Kenya,12.65,18,32,32.25,32,31.75,0.25,0.78%,"23,200",-,,
7/7/2009,TOTL,Total Kenya,12.65,18,32,32,32,32,-,-,"5,700",-,,
7/8/2009,TOTL,Total Kenya,12.65,18,31.75,32.25,31.75,32,-0.25,0.79%,"96,600",-,,
7/9/2009,TOTL,Total Kenya,12.65,18,31.25,32.5,31.75,31.75,-,-,"32,500",-,,
7/10/2009,TOTL,Total Kenya,12.65,18,31,31.75,31.5,31.75,-0.25,0.79%,"20,300",-,,
7/13/2009,TOTL,Total Kenya,12.65,18,31,32,31.25,31.5,-0.25,0.80%,"11,300",-,,
7/14/2009,TOTL,Total Kenya,12.65,18,30.25,31.75,31,31.25,-0.25,0.81%,"19,200",-,,
7/15/2009,TOTL,Total Kenya,12.65,18,31,31.5,31,31,-,-,"19,300",-,,
7/16/2009,TOTL,Total Kenya,12.65,18,30,31.5,30.75,31,-0.25,0.81%,"12,700",-,,
7/17/2009,TOTL,Total Kenya,12.65,18,31,31.5,31,30.75,0.25,0.81%,"29,700",-,,
7/20/2009,TOTL,Total Kenya,12.65,18,31.25,31.5,31.25,31,0.25,0.80%,"2,600",-,,
7/21/2009,TOTL,Total Kenya,12.65,18,30,31.25,30.5,31.25,-0.75,2.46%,"3,200",-,,
7/22/2009,TOTL,Total Kenya,12.65,18,30.5,31,30.75,30.5,0.25,0.81%,"5,700",-,,
7/23/2009,TOTL,Total Kenya,12.65,18,30.25,32,30.5,30.75,-0.25,0.82%,"7,900",-,,
7/24/2009,TOTL,Total Kenya,12.65,18,30,31,30.75,30.5,0.25,0.81%,"4,000",-,,
7/27/2009,TOTL,Total Kenya,12.65,18,30,30.5,30.25,30.75,-0.5,1.65%,"8,300",-,,
7/28/2009,TOTL,Total Kenya,12.65,18,30.25,30.5,30.25,30.25,-,-,600,-,,
7/29/2009,TOTL,Total Kenya,12.65,18,30.5,30.75,30.5,30.25,0.25,0.82%,"3,400",-,,
7/30/2009,TOTL,Total Kenya,12.65,18,30.25,30.5,30.25,30.5,-0.25,0.83%,"13,800",-,,
7/31/2009,TOTL,Total Kenya,12.65,18,30,30.5,30.25,30.25,-,-,"11,500",-,,
8/3/2009,TOTL,Total Kenya,12.65,18,30.25,30.5,30.25,30.25,-,-,"4,600",-,,
8/4/2009,TOTL,Total Kenya,12.65,18,30.25,30.25,30.25,30.25,-,-,300,-,,
8/5/2009,TOTL,Total Kenya,12.65,18,30.25,30.25,30.25,30.25,-,-,"15,600",-,,
8/6/2009,TOTL,Total Kenya,12.65,18,30.25,30.25,30.25,30.25,-,-,900,-,,
8/7/2009,TOTL,Total Kenya,12.65,18,30.25,30.25,30.25,30.25,-,-,"4,800",-,,
10/8/2009,TOTL,Total Kenya,12.65,18,30.25,30.5,30.25,30.25,-,-,"12,900",-,,
8/11/2009,TOTL,Total Kenya,12.65,18,30,30.25,30,30.25,-0.25,0.83%,"3,900",-,,
8/12/2009,TOTL,Total Kenya,12.65,18,30,31,30.25,30,0.25,0.83%,"13,500",-,,
8/13/2009,TOTL,Total Kenya,12.65,18,30,30.5,30,30.25,-0.25,0.83%,"2,800",-,,
8/14/2009,TOTL,Total Kenya,12.65,18,30,30.5,30,30,-,-,"16,600",-,,
8/17/2009,TOTL,Total Kenya,12.65,18,30,30.25,30,30,-,-,"1,400",-,,
8/18/2009,TOTL,Total Kenya,12.65,18,29,30.25,30,30,-,-,"92,300",-,,
8/19/2009,TOTL,Total Kenya,12.65,18,29,30.5,30,30,-,-,"80,700",-,,
8/20/2009,TOTL,Total Kenya,12.65,18,28,29,28.5,30,-1.5,5.26%,"3,600",-,,
8/21/2009,TOTL,Total Kenya,12.65,18,28,29.5,28.5,28.5,-,-,"86,000",-,,
8/24/2009,TOTL,Total Kenya,12.65,18,27,30.5,29.75,28.5,1.25,4.20%,"2,900",-,,
8/26/2009,TOTL,Total Kenya,12.65,18,29.5,29.5,29.5,29.75,-0.25,0.85%,200,-,,
8/27/2009,TOTL,Total Kenya,12.65,18,29.5,29.75,29.5,29.5,-,-,"3,400",-,,
8/28/2009,TOTL,Total Kenya,12.65,18,28.5,29.5,28.75,29.5,-0.75,2.61%,"6,700",-,,
8/31/2009,TOTL,Total Kenya,12.65,18,28.5,29.25,28.5,28.75,-0.25,0.88%,"2,200",-,,
9/1/2009,TOTL,Total Kenya,12.65,18,29,29.5,29,28.5,0.5,1.72%,"20,200",-,,
9/2/2009,TOTL,Total Kenya,12.65,18,29.25,29.25,29.25,29,0.25,0.85%,900,-,,
9/3/2009,TOTL,Total Kenya,12.65,18,29.5,29.5,29.5,29.25,0.25,0.85%,"4,700",-,,
9/4/2009,TOTL,Total Kenya,12.65,18,29.5,29.5,29.5,29.5,-,-,"2,000",-,,
9/7/2009,TOTL,Total Kenya,12.65,18,29.5,30,29.75,29.5,0.25,0.84%,"6,300",-,,
9/8/2009,TOTL,Total Kenya,12.65,18,29.25,29.25,29.25,29.75,-0.5,1.71%,"5,600",-,,
9/9/2009,TOTL,Total Kenya,12.65,18,28.5,29.5,29,29.25,-0.25,0.86%,"2,600",-,,
9/10/2009,TOTL,Total Kenya,12.65,18,29,29,29,29,-,-,0,-,,
9/11/2009,TOTL,Total Kenya,12.65,18,28.5,29,28.75,29,-0.25,0.87%,"110,200",-,,
9/14/2009,TOTL,Total Kenya,12.65,18,28,29.5,28.75,28.75,-,-,400,-,,
9/15/2009,TOTL,Total Kenya,12.65,18,28,28,28,28.75,-0.75,2.68%,500,-,,
9/16/2009,TOTL,Total Kenya,12.65,18,28.5,28.75,28.5,28,0.5,1.75%,"1,200",-,,
9/17/2009,TOTL,Total Kenya,12.65,18,28.25,30,29.75,28.5,1.25,4.20%,"74,400",-,,
9/18/2009,TOTL,Total Kenya,12.65,18,29.75,29.75,29.75,29.75,-,-,0,-,,
9/22/2009,TOTL,Total Kenya,12.65,18,29,29.75,29.25,29.75,-0.5,1.71%,"11,800",-,,
9/23/2009,TOTL,Total Kenya,12.65,18,29,29.75,29.5,29.25,0.25,0.85%,"11,000",-,,
9/24/2009,TOTL,Total Kenya,12.65,18,29.5,29.5,29.5,29.5,-,-,"3,000",-,,
9/25/2009,TOTL,Total Kenya,12.65,18,29,29.5,29,29.5,-0.5,1.72%,"12,300",-,,
9/28/2009,TOTL,Total Kenya,12.65,18,29.25,30,29.75,29,0.75,2.52%,"18,700",-,,
9/29/2009,TOTL,Total Kenya,12.65,18,28.75,30,29,29.75,-0.75,2.59%,"8,200",-,,
9/30/2009,TOTL,Total Kenya,12.65,18,29,30,29,29,-,-,"16,100",-,,
10/1/2009,TOTL,Total Kenya,12.65,18,30,30,30,29,1,3.33%,"3,700",-,,
10/2/2009,TOTL,Total Kenya,12.65,18,28.75,29.5,28.75,30,-1.25,4.35%,"12,100",-,,
10/5/2009,TOTL,Total Kenya,12.65,18,29.5,29.5,29.5,28.75,0.75,2.54%,"6,000",-,,
10/6/2009,TOTL,Total Kenya,12.65,18,29,30,29.25,29.5,-0.25,0.85%,"22,800",-,,
10/7/2009,TOTL,Total Kenya,12.65,18,29,30,29,29.25,-0.25,0.86%,"43,900",-,,
10/8/2009,TOTL,Total Kenya,12.65,18,29,30,29.25,29,0.25,0.85%,"2,400",-,,
10/9/2009,TOTL,Total Kenya,12.65,18,29.25,30,29.75,29.25,0.5,1.68%,"9,200",-,,
10/12/2009,TOTL,Total Kenya,12.65,18,29.25,29.75,29.25,29.75,-0.5,1.71%,"1,100",-,,
10/13/2009,TOTL,Total Kenya,12.65,18,29.75,29.75,29.75,29.25,0.5,1.68%,"13,700",-,,
10/14/2009,TOTL,Total Kenya,12.65,18,29.75,29.75,29.75,29.75,-,-,"1,000",-,,
10/15/2009,TOTL,Total Kenya,12.65,18,29.75,30,29.75,29.75,-,-,"2,300",-,,
10/16/2009,TOTL,Total Kenya,12.65,18,29.75,29.75,29.75,29.75,-,-,"2,600",-,,
10/19/2009,TOTL,Total Kenya,12.65,18,28.75,29.75,29.25,29.75,-0.5,1.71%,"5,300",-,,
10/21/2009,TOTL,Total Kenya,12.65,18,29.75,30,29.75,29.25,0.5,1.68%,"4,400",-,,
10/22/2009,TOTL,Total Kenya,12.65,18,29.25,30,29.5,29.75,-0.25,0.85%,"6,200",-,,
10/26/2009,TOTL,Total Kenya,12.65,18,28,28,28,29.5,-1.5,5.36%,0,-,,
10/27/2009,TOTL,Total Kenya,12.65,18,28.5,29.5,28.5,28,0.5,1.75%,"150,300",-,,
10/28/2009,TOTL,Total Kenya,12.65,18,29.5,29.75,29.5,28.5,1,3.39%,"1,700",-,,
10/29/2009,TOTL,Total Kenya,12.65,18,29.75,29.75,29.75,29.5,0.25,0.84%,600,-,,
11/2/2009,TOTL,Total Kenya,12.65,18,29,29.75,29.25,29.75,-0.5,1.71%,"18,100",-,,
11/3/2009,TOTL,Total Kenya,12.65,18,29,29.75,29,29.25,-0.25,0.86%,"25,400",-,,
11/4/2009,TOTL,Total Kenya,12.65,18,28.5,30,29,29,-,-,"31,900",-,,
11/5/2009,TOTL,Total Kenya,12.65,18,29,29,29,29,-,-,"3,000",-,,
11/6/2009,TOTL,Total Kenya,12.65,18,28.5,29,28.5,29,-0.5,1.75%,"7,800",-,,
11/9/2009,TOTL,Total Kenya,12.65,18,28.75,29,28.75,28.5,0.25,0.87%,"26,400",-,,
11/10/2009,TOTL,Total Kenya,12.65,18,28.75,29,28.75,28.75,-,-,"3,500",-,,
11/11/2009,TOTL,Total Kenya,12.65,18,30,30,30,28.75,1.25,4.17%,"10,400",-,,
11/12/2009,TOTL,Total Kenya,12.65,18,29,30,29,30,-1,3.45%,"2,400",-,,
11/13/2009,TOTL,Total Kenya,12.65,18,29,29.5,29,29,-,-,"4,300",-,,
11/16/2009,TOTL,Total Kenya,12.65,18,29,29.5,29.25,29,0.25,0.85%,"8,100",-,,
11/17/2009,TOTL,Total Kenya,12.65,18,29.5,29.5,29.5,29.25,0.25,0.85%,"8,400",-,,
11/18/2009,TOTL,Total Kenya,12.65,18,29,29.5,29.25,29.5,-0.25,0.85%,200,-,,
11/19/2009,TOTL,Total Kenya,12.65,18,29,29.5,29,29.25,-0.25,0.86%,"21,000",-,,
11/20/2009,TOTL,Total Kenya,12.65,18,28.5,29,28.5,29,-0.5,1.75%,"2,300",-,,
11/23/2009,TOTL,Total Kenya,12.65,18,28.5,29,28.75,28.5,0.25,0.87%,"6,000",-,,
11/24/2009,TOTL,Total Kenya,12.65,18,29,29.5,29,28.75,0.25,0.86%,800,-,,
11/25/2009,TOTL,Total Kenya,12.65,18,28.75,29.5,28.75,29,-0.25,0.87%,"10,000",-,,
11/26/2009,TOTL,Total Kenya,12.65,18,29.5,29.5,29.5,28.75,0.75,2.54%,"2,600",-,,
11/27/2009,TOTL,Total Kenya,12.65,18,29.5,29.5,29.5,29.5,-,-,600,-,,
11/30/2009,TOTL,Total Kenya,12.65,18,29,29.5,29.25,29.5,-0.25,0.85%,800,-,,
12/1/2009,TOTL,Total Kenya,12.65,18,28.75,29.5,29.25,29.25,-,-,"12,300",-,,
12/2/2009,TOTL,Total Kenya,12.65,18,29,29.25,29,29.25,-0.25,0.86%,"1,500",-,,
12/3/2009,TOTL,Total Kenya,12.65,18,28.5,29,28.5,29,-0.5,1.75%,"5,400",-,,
12/4/2009,TOTL,Total Kenya,12.65,18,29,29,29,28.5,0.5,1.72%,"13,700",-,,
12/7/2009,TOTL,Total Kenya,12.65,18,28.5,29,28.75,29,-0.25,0.87%,"2,100",-,,
12/8/2009,TOTL,Total Kenya,12.65,18,28.5,28.5,28.5,28.75,-0.25,0.88%,"1,000",-,,
12/9/2009,TOTL,Total Kenya,12.65,18,28.75,29,28.75,28.5,0.25,0.87%,"2,900",-,,
12/10/2009,TOTL,Total Kenya,12.65,18,28.5,28.5,28.5,28.75,-0.25,0.88%,"28,300",-,,
12/11/2009,TOTL,Total Kenya,12.65,18,28.75,29,28.75,28.5,0.25,0.87%,"3,600",-,,
12/14/2009,TOTL,Total Kenya,12.65,18,28.75,29,28.75,28.75,-,-,"30,200",-,,
12/15/2009,TOTL,Total Kenya,12.65,18,28.75,29,28.75,28.75,-,-,600,-,,
12/16/2009,TOTL,Total Kenya,12.65,18,28.5,29,28.5,28.75,-0.25,0.88%,"6,000",-,,
12/17/2009,TOTL,Total Kenya,12.65,18,28.75,29,28.75,28.5,0.25,0.87%,"39,400",-,,
12/18/2009,TOTL,Total Kenya,12.65,18,29.25,29.5,29.25,28.75,0.5,1.71%,"5,400",-,,
12/21/2009,TOTL,Total Kenya,12.65,18,29.25,29.5,29.25,29.25,-,-,"10,100",-,,
12/22/2009,TOTL,Total Kenya,12.65,18,28.5,29.25,28.75,29.25,-0.5,1.74%,"1,800",-,,
12/23/2009,TOTL,Total Kenya,12.65,18,29,29.5,29,28.75,0.25,0.86%,"5,900",-,,
12/24/2009,TOTL,Total Kenya,12.65,18,29.5,30,29.75,29,0.75,2.52%,"14,300",-,,
12/28/2009,TOTL,Total Kenya,12.65,18,29.5,30,29.75,29.75,-,-,"24,100",-,,
12/29/2009,TOTL,Total Kenya,12.65,18,29.5,30,29.75,29.75,-,-,"2,500",-,,
12/30/2009,TOTL,Total Kenya,12.65,18,29.75,30,29.75,29.75,-,-,"3,200",-,,
12/31/2009,TOTL,Total Kenya,12.65,18,29.5,30,29.75,29.75,-,-,"5,600",-,,
